CREATE DATABASE  IF NOT EXISTS `learn-qa1` /*!40100 DEFAULT CHARACTER SET latin1 */;
USE `learn-qa1`;
-- MySQL dump 10.13  Distrib 5.5.16, for Win32 (x86)
--
-- Host: localhost    Database: learn-qa1
-- ------------------------------------------------------
-- Server version	5.5.19

/*!40101 SET @OLD_CHARACTER_SET_CLIENT=@@CHARACTER_SET_CLIENT */;
/*!40101 SET @OLD_CHARACTER_SET_RESULTS=@@CHARACTER_SET_RESULTS */;
/*!40101 SET @OLD_COLLATION_CONNECTION=@@COLLATION_CONNECTION */;
/*!40101 SET NAMES utf8 */;
/*!40103 SET @OLD_TIME_ZONE=@@TIME_ZONE */;
/*!40103 SET TIME_ZONE='+00:00' */;
/*!40014 SET @OLD_UNIQUE_CHECKS=@@UNIQUE_CHECKS, UNIQUE_CHECKS=0 */;
/*!40014 SET @OLD_FOREIGN_KEY_CHECKS=@@FOREIGN_KEY_CHECKS, FOREIGN_KEY_CHECKS=0 */;
/*!40101 SET @OLD_SQL_MODE=@@SQL_MODE, SQL_MODE='NO_AUTO_VALUE_ON_ZERO' */;
/*!40111 SET @OLD_SQL_NOTES=@@SQL_NOTES, SQL_NOTES=0 */;

--
-- Table structure for table `questionclassroom`
--

DROP TABLE IF EXISTS `questionclassroom`;
/*!40101 SET @saved_cs_client     = @@character_set_client */;
/*!40101 SET character_set_client = utf8 */;
CREATE TABLE `questionclassroom` (
  `QuestionClassroomId` int(10) unsigned NOT NULL AUTO_INCREMENT,
  `ClassroomId` int(10) unsigned NOT NULL,
  `questionId` int(10) unsigned NOT NULL,
  PRIMARY KEY (`QuestionClassroomId`),
  KEY `QuestionClassroom_FKIndex1` (`questionId`),
  KEY `QuestionClassroom_FKIndex2` (`ClassroomId`),
  CONSTRAINT `questionclassroom_ibfk_1` FOREIGN KEY (`questionId`) REFERENCES `question` (`questionId`) ON DELETE NO ACTION ON UPDATE NO ACTION,
  CONSTRAINT `questionclassroom_ibfk_2` FOREIGN KEY (`ClassroomId`) REFERENCES `classroom` (`ClassroomId`) ON DELETE NO ACTION ON UPDATE NO ACTION
) ENGINE=InnoDB DEFAULT CHARSET=latin1;
/*!40101 SET character_set_client = @saved_cs_client */;

--
-- Dumping data for table `questionclassroom`
--

LOCK TABLES `questionclassroom` WRITE;
/*!40000 ALTER TABLE `questionclassroom` DISABLE KEYS */;
/*!40000 ALTER TABLE `questionclassroom` ENABLE KEYS */;
UNLOCK TABLES;

--
-- Table structure for table `classroommember`
--

DROP TABLE IF EXISTS `classroommember`;
/*!40101 SET @saved_cs_client     = @@character_set_client */;
/*!40101 SET character_set_client = utf8 */;
CREATE TABLE `classroommember` (
  `ClassroomMemberId` int(10) unsigned NOT NULL AUTO_INCREMENT,
  `AppUserId` int(10) unsigned NOT NULL,
  `ClassroomId` int(10) unsigned NOT NULL,
  PRIMARY KEY (`ClassroomMemberId`),
  KEY `ClassroomMember_FKIndex1` (`ClassroomId`),
  KEY `ClassroomMember_FKIndex2` (`AppUserId`),
  CONSTRAINT `classroommember_ibfk_1` FOREIGN KEY (`ClassroomId`) REFERENCES `classroom` (`ClassroomId`) ON DELETE NO ACTION ON UPDATE NO ACTION,
  CONSTRAINT `classroommember_ibfk_2` FOREIGN KEY (`AppUserId`) REFERENCES `appuser` (`AppUserId`) ON DELETE NO ACTION ON UPDATE NO ACTION
) ENGINE=InnoDB DEFAULT CHARSET=latin1;
/*!40101 SET character_set_client = @saved_cs_client */;

--
-- Dumping data for table `classroommember`
--

LOCK TABLES `classroommember` WRITE;
/*!40000 ALTER TABLE `classroommember` DISABLE KEYS */;
/*!40000 ALTER TABLE `classroommember` ENABLE KEYS */;
UNLOCK TABLES;

--
-- Table structure for table `answercomment`
--

DROP TABLE IF EXISTS `answercomment`;
/*!40101 SET @saved_cs_client     = @@character_set_client */;
/*!40101 SET character_set_client = utf8 */;
CREATE TABLE `answercomment` (
  `AnswerCommentId` int(10) unsigned NOT NULL AUTO_INCREMENT,
  `AnswerId` int(10) unsigned NOT NULL,
  `AnswerComment` longtext NOT NULL,
  PRIMARY KEY (`AnswerCommentId`),
  KEY `AnswerComment_FKIndex1` (`AnswerId`),
  CONSTRAINT `answercomment_ibfk_1` FOREIGN KEY (`AnswerId`) REFERENCES `answer` (`AnswerId`) ON DELETE NO ACTION ON UPDATE NO ACTION
) ENGINE=InnoDB DEFAULT CHARSET=latin1;
/*!40101 SET character_set_client = @saved_cs_client */;

--
-- Dumping data for table `answercomment`
--

LOCK TABLES `answercomment` WRITE;
/*!40000 ALTER TABLE `answercomment` DISABLE KEYS */;
/*!40000 ALTER TABLE `answercomment` ENABLE KEYS */;
UNLOCK TABLES;

--
-- Table structure for table `answer`
--

DROP TABLE IF EXISTS `answer`;
/*!40101 SET @saved_cs_client     = @@character_set_client */;
/*!40101 SET character_set_client = utf8 */;
CREATE TABLE `answer` (
  `AnswerId` int(10) unsigned NOT NULL AUTO_INCREMENT,
  `AnsweredByUserId` int(10) unsigned NOT NULL,
  `QuestionId` int(10) unsigned NOT NULL,
  `Votes` int(10) unsigned DEFAULT NULL,
  `Content` longtext NOT NULL,
  PRIMARY KEY (`AnswerId`),
  KEY `Answer_FKIndex1` (`QuestionId`),
  KEY `Answer_FKIndex2` (`AnsweredByUserId`),
  CONSTRAINT `answer_ibfk_1` FOREIGN KEY (`QuestionId`) REFERENCES `question` (`questionId`) ON DELETE NO ACTION ON UPDATE NO ACTION,
  CONSTRAINT `answer_ibfk_2` FOREIGN KEY (`AnsweredByUserId`) REFERENCES `appuser` (`AppUserId`) ON DELETE NO ACTION ON UPDATE NO ACTION
) ENGINE=InnoDB AUTO_INCREMENT=42 DEFAULT CHARSET=latin1;
/*!40101 SET character_set_client = @saved_cs_client */;

--
-- Dumping data for table `answer`
--

LOCK TABLES `answer` WRITE;
/*!40000 ALTER TABLE `answer` DISABLE KEYS */;
INSERT INTO `answer` VALUES (14,4,45,1,'<div style=\"visibility: hidden; overflow: hidden; position: absolute; top: 0px; height: 1px; width: auto; padding: 0px; border: 0px; margin: 0px; text-align: left; text-indent: 0px; text-transform: none; line-height: normal; letter-spacing: normal; word-spacing: normal;\"><div id=\"MathJax_Hidden\"></div></div><div id=\"MathJax_Message\" style=\"display: none;\"></div>\r\n\r\n<!-- copy paste always happens inside body. new element added is same as the next or the previous element.\r\nit also retains styling, need to think of a way in which styling can be removing while copy pasting.  -->\r\n<div id=\"editordiv\">\r\nThis is inline equation $\\sqrt[v]{wefd}$\r\n</div>\r\n\r\n\r\n<div style=\"position: absolute; width: 0px; height: 0px; overflow: hidden; padding: 0px; border: 0px; margin: 0px;\"><div id=\"MathJax_Font_Test\" style=\"position: absolute; visibility: hidden; top: 0px; left: 0px; width: auto; padding: 0px; border: 0px; margin: 0px; white-space: nowrap; text-align: left; text-indent: 0px; text-transform: none; line-height: normal; letter-spacing: normal; word-spacing: normal; font-size: 40px; font-weight: normal; font-style: normal; font-family: STIXSizeOneSym, sans-serif;\"></div></div>'),(15,4,45,1,'<div style=\"visibility: hidden; overflow: hidden; position: absolute; top: 0px; height: 1px; width: auto; padding: 0px; border: 0px; margin: 0px; text-align: left; text-indent: 0px; text-transform: none; line-height: normal; letter-spacing: normal; word-spacing: normal;\"><div id=\"MathJax_Hidden\"></div></div><div id=\"MathJax_Message\" style=\"display: none;\"></div>\r\n\r\n<!-- copy paste always happens inside body. new element added is same as the next or the previous element.\r\nit also retains styling, need to think of a way in which styling can be removing while copy pasting.  -->\r\n<div id=\"editordiv\">\r\nThis is inline equation $\\sqrt[v]{wefd}$\r\n</div>\r\n\r\n\r\n<div style=\"position: absolute; width: 0px; height: 0px; overflow: hidden; padding: 0px; border: 0px; margin: 0px;\"><div id=\"MathJax_Font_Test\" style=\"position: absolute; visibility: hidden; top: 0px; left: 0px; width: auto; padding: 0px; border: 0px; margin: 0px; white-space: nowrap; text-align: left; text-indent: 0px; text-transform: none; line-height: normal; letter-spacing: normal; word-spacing: normal; font-size: 40px; font-weight: normal; font-style: normal; font-family: STIXSizeOneSym, sans-serif;\"></div></div>'),(16,4,45,1,''),(17,4,45,1,'<div style=\"visibility: hidden; overflow: hidden; position: absolute; top: 0px; height: 1px; width: auto; padding: 0px; border: 0px; margin: 0px; text-align: left; text-indent: 0px; text-transform: none; line-height: normal; letter-spacing: normal; word-spacing: normal;\"><div id=\"MathJax_Hidden\"></div></div><div id=\"MathJax_Message\" style=\"display: none;\"></div>\r\n\r\n<!-- copy paste always happens inside body. new element added is same as the next or the previous element.\r\nit also retains styling, need to think of a way in which styling can be removing while copy pasting.  -->\r\n<div id=\"editordiv\">\r\nThis is inline equation $\\sqrt[v]{wefd}$\r\n</div>\r\n\r\n\r\n<div style=\"position: absolute; width: 0px; height: 0px; overflow: hidden; padding: 0px; border: 0px; margin: 0px;\"><div id=\"MathJax_Font_Test\" style=\"position: absolute; visibility: hidden; top: 0px; left: 0px; width: auto; padding: 0px; border: 0px; margin: 0px; white-space: nowrap; text-align: left; text-indent: 0px; text-transform: none; line-height: normal; letter-spacing: normal; word-spacing: normal; font-size: 40px; font-weight: normal; font-style: normal; font-family: STIXSizeOneSym, sans-serif;\"></div></div>'),(18,4,45,1,'<div style=\"visibility: hidden; overflow: hidden; position: absolute; top: 0px; height: 1px; width: auto; padding: 0px; border: 0px; margin: 0px; text-align: left; text-indent: 0px; text-transform: none; line-height: normal; letter-spacing: normal; word-spacing: normal;\"><div id=\"MathJax_Hidden\"></div></div><div id=\"MathJax_Message\" style=\"display: none;\"></div>\r\n\r\n<!-- copy paste always happens inside body. new element added is same as the next or the previous element.\r\nit also retains styling, need to think of a way in which styling can be removing while copy pasting.  -->\r\n<div id=\"editordiv\">\r\nThis is inline equation $\\sqrt[v]{wefd}$\r\n</div>\r\n\r\n\r\n<div style=\"position: absolute; width: 0px; height: 0px; overflow: hidden; padding: 0px; border: 0px; margin: 0px;\"><div id=\"MathJax_Font_Test\" style=\"position: absolute; visibility: hidden; top: 0px; left: 0px; width: auto; padding: 0px; border: 0px; margin: 0px; white-space: nowrap; text-align: left; text-indent: 0px; text-transform: none; line-height: normal; letter-spacing: normal; word-spacing: normal; font-size: 40px; font-weight: normal; font-style: normal; font-family: STIXSizeOneSym, sans-serif;\"></div></div>'),(19,4,50,1,'<div style=\"visibility: hidden; overflow: hidden; position: absolute; top: 0px; height: 1px; width: auto; padding: 0px; border: 0px; margin: 0px; text-align: left; text-indent: 0px; text-transform: none; line-height: normal; letter-spacing: normal; word-spacing: normal;\"><div id=\"MathJax_Hidden\"></div></div><div id=\"MathJax_Message\" style=\"display: none;\"></div>\r\n\r\n<!-- copy paste always happens inside body. new element added is same as the next or the previous element.\r\nit also retains styling, need to think of a way in which styling can be removing while copy pasting.  -->\r\n<div id=\"editordiv\">\r\nThis is inline equation $\\sqrt[v]{wefd}$\r\n</div>\r\n\r\n\r\n<div style=\"position: absolute; width: 0px; height: 0px; overflow: hidden; padding: 0px; border: 0px; margin: 0px;\"><div id=\"MathJax_Font_Test\" style=\"position: absolute; visibility: hidden; top: 0px; left: 0px; width: auto; padding: 0px; border: 0px; margin: 0px; white-space: nowrap; text-align: left; text-indent: 0px; text-transform: none; line-height: normal; letter-spacing: normal; word-spacing: normal; font-size: 40px; font-weight: normal; font-style: normal; font-family: STIXSizeOneSym, sans-serif;\"></div></div>'),(20,4,51,1,'<div style=\"visibility: hidden; overflow: hidden; position: absolute; top: 0px; height: 1px; width: auto; padding: 0px; border: 0px; margin: 0px; text-align: left; text-indent: 0px; text-transform: none; line-height: normal; letter-spacing: normal; word-spacing: normal;\"><div id=\"MathJax_Hidden\"></div></div><div id=\"MathJax_Message\" style=\"display: none;\"></div>\r\n\r\n<!-- copy paste always happens inside body. new element added is same as the next or the previous element.\r\nit also retains styling, need to think of a way in which styling can be removing while copy pasting.  -->\r\n<div id=\"editordiv\">\r\nThis is inline equation $\\sqrt[v]{wefd}$\r\n</div>\r\n\r\n\r\n<div style=\"position: absolute; width: 0px; height: 0px; overflow: hidden; padding: 0px; border: 0px; margin: 0px;\"><div id=\"MathJax_Font_Test\" style=\"position: absolute; visibility: hidden; top: 0px; left: 0px; width: auto; padding: 0px; border: 0px; margin: 0px; white-space: nowrap; text-align: left; text-indent: 0px; text-transform: none; line-height: normal; letter-spacing: normal; word-spacing: normal; font-size: 40px; font-weight: normal; font-style: normal; font-family: STIXSizeOneSym, sans-serif;\"></div></div>'),(21,1,54,1,'<div style=\"visibility: hidden; overflow: hidden; position: absolute; top: 0px; height: 1px; width: auto; padding: 0px; border: 0px; margin: 0px; text-align: left; text-indent: 0px; text-transform: none; line-height: normal; letter-spacing: normal; word-spacing: normal;\"><div id=\"MathJax_Hidden\"></div></div><div id=\"MathJax_Message\" style=\"display: none;\"></div>\r\n\r\n<!-- copy paste always happens inside body. new element added is same as the next or the previous element.\r\nit also retains styling, need to think of a way in which styling can be removing while copy pasting.  -->\r\n<div id=\"editordiv\">\r\nThis is inlinzcdasce equation $\\sqrt[v]{wefd}$\r\n</div>\r\n\r\n\r\n<div style=\"position: absolute; width: 0px; height: 0px; overflow: hidden; padding: 0px; border: 0px; margin: 0px;\"><div id=\"MathJax_Font_Test\" style=\"position: absolute; visibility: hidden; top: 0px; left: 0px; width: auto; padding: 0px; border: 0px; margin: 0px; white-space: nowrap; text-align: left; text-indent: 0px; text-transform: none; line-height: normal; letter-spacing: normal; word-spacing: normal; font-size: 40px; font-weight: normal; font-style: normal; font-family: STIXSizeOneSym, sans-serif;\"></div></div>'),(22,1,54,1,'<div style=\"visibility: hidden; overflow: hidden; position: absolute; top: 0px; height: 1px; width: auto; padding: 0px; border: 0px; margin: 0px; text-align: left; text-indent: 0px; text-transform: none; line-height: normal; letter-spacing: normal; word-spacing: normal;\"><div id=\"MathJax_Hidden\"></div></div><div id=\"MathJax_Message\" style=\"display: none;\"></div>\r\n\r\n<!-- copy paste always happens inside body. new element added is same as the next or the previous element.\r\nit also retains styling, need to think of a way in which styling can be removing while copy pasting.  -->\r\n<div id=\"editordiv\">\r\nThis is iassdadadanline equation $\\sqrt[v]{wefd}$\r\n</div>\r\n\r\n\r\n<div style=\"position: absolute; width: 0px; height: 0px; overflow: hidden; padding: 0px; border: 0px; margin: 0px;\"><div id=\"MathJax_Font_Test\" style=\"position: absolute; visibility: hidden; top: 0px; left: 0px; width: auto; padding: 0px; border: 0px; margin: 0px; white-space: nowrap; text-align: left; text-indent: 0px; text-transform: none; line-height: normal; letter-spacing: normal; word-spacing: normal; font-size: 40px; font-weight: normal; font-style: normal; font-family: STIXSizeOneSym, sans-serif;\"></div></div>'),(23,1,56,1,'<div style=\"visibility: hidden; overflow: hidden; position: absolute; top: 0px; height: 1px; width: auto; padding: 0px; border: 0px; margin: 0px; text-align: left; text-indent: 0px; text-transform: none; line-height: normal; letter-spacing: normal; word-spacing: normal;\"><div id=\"MathJax_Hidden\"></div></div><div id=\"MathJax_Message\" style=\"display: none;\"></div>\r\n\r\n<!-- copy paste always happens inside body. new element added is same as the next or the previous element.\r\nit also retains styling, need to think of a way in which styling can be removing while copy pasting.  -->\r\n<div id=\"editordiv\">\r\nThis is inline equation $\\sqrt[v]{wefd}$\r\n</div>\r\n\r\n\r\n<div style=\"position: absolute; width: 0px; height: 0px; overflow: hidden; padding: 0px; border: 0px; margin: 0px;\"><div id=\"MathJax_Font_Test\" style=\"position: absolute; visibility: hidden; top: 0px; left: 0px; width: auto; padding: 0px; border: 0px; margin: 0px; white-space: nowrap; text-align: left; text-indent: 0px; text-transform: none; line-height: normal; letter-spacing: normal; word-spacing: normal; font-size: 40px; font-weight: normal; font-style: normal; font-family: STIXSizeOneSym, sans-serif;\"></div></div><div>This is Avijit\'s answer $\\sqrt[2]{3}$ </div>'),(24,1,84,1,'<div style=\"visibility: hidden; overflow: hidden; position: absolute; top: 0px; height: 1px; width: auto; padding: 0px; border: 0px; margin: 0px; text-align: left; text-indent: 0px; text-transform: none; line-height: normal; letter-spacing: normal; word-spacing: normal;\"><div id=\"MathJax_Hidden\"></div></div><div id=\"MathJax_Message\" style=\"display: none;\"></div>\r\n\r\n<!-- copy paste always happens inside body. new element added is same as the next or the previous element.\r\nit also retains styling, need to think of a way in which styling can be removing while copy pasting.  -->\r\n<div id=\"editordiv\">\r\nThis is inline equation $\\sqrt[v]{wefd}$\r\n</div>\r\n\r\n\r\n<div style=\"position: absolute; width: 0px; height: 0px; overflow: hidden; padding: 0px; border: 0px; margin: 0px;\"><div id=\"MathJax_Font_Test\" style=\"position: absolute; visibility: hidden; top: 0px; left: 0px; width: auto; padding: 0px; border: 0px; margin: 0px; white-space: nowrap; text-align: left; text-indent: 0px; text-transform: none; line-height: normal; letter-spacing: normal; word-spacing: normal; font-size: 40px; font-weight: normal; font-style: normal; font-family: STIXSizeOneSym, sans-serif;\"></div></div><div> $\\sqrt[2]{3}$  $\\sqrt[2]{3}$  $\\sqrt[2]{3}$  $\\sqrt[2]{3}$ </div>'),(25,1,84,1,'<div style=\"visibility: hidden; overflow: hidden; position: absolute; top: 0px; height: 1px; width: auto; padding: 0px; border: 0px; margin: 0px; text-align: left; text-indent: 0px; text-transform: none; line-height: normal; letter-spacing: normal; word-spacing: normal;\"><div id=\"MathJax_Hidden\"></div></div><div id=\"MathJax_Message\" style=\"display: none;\"></div>\r\n\r\n<!-- copy paste always happens inside body. new element added is same as the next or the previous element.\r\nit also retains styling, need to think of a way in which styling can be removing while copy pasting.  -->\r\n<div id=\"editordiv\">\r\nThis is inline equation $\\sqrt[v]{wefd}$\r\n</div>\r\n\r\n\r\n<div style=\"position: absolute; width: 0px; height: 0px; overflow: hidden; padding: 0px; border: 0px; margin: 0px;\"><div id=\"MathJax_Font_Test\" style=\"position: absolute; visibility: hidden; top: 0px; left: 0px; width: auto; padding: 0px; border: 0px; margin: 0px; white-space: nowrap; text-align: left; text-indent: 0px; text-transform: none; line-height: normal; letter-spacing: normal; word-spacing: normal; font-size: 40px; font-weight: normal; font-style: normal; font-family: STIXSizeOneSym, sans-serif;\"></div></div><div> $\\sqrt[2]{3}$  $\\sqrt[2]{3}$  $\\sqrt[2]{3}$  $\\sqrt[2]{3}$  $\\sqrt[2]{3}$ </div>'),(26,1,84,1,'<div style=\"visibility: hidden; overflow: hidden; position: absolute; top: 0px; height: 1px; width: auto; padding: 0px; border: 0px; margin: 0px; text-align: left; text-indent: 0px; text-transform: none; line-height: normal; letter-spacing: normal; word-spacing: normal;\"><div id=\"MathJax_Hidden\"></div></div><div id=\"MathJax_Message\" style=\"display: none;\"></div>\r\n\r\n<!-- copy paste always happens inside body. new element added is same as the next or the previous element.\r\nit also retains styling, need to think of a way in which styling can be removing while copy pasting.  -->\r\n<div id=\"editordiv\">\r\nThis is inline equation $\\sqrt[v]{wefd}$\r\n</div>\r\n\r\n\r\n<div style=\"position: absolute; width: 0px; height: 0px; overflow: hidden; padding: 0px; border: 0px; margin: 0px;\"><div id=\"MathJax_Font_Test\" style=\"position: absolute; visibility: hidden; top: 0px; left: 0px; width: auto; padding: 0px; border: 0px; margin: 0px; white-space: nowrap; text-align: left; text-indent: 0px; text-transform: none; line-height: normal; letter-spacing: normal; word-spacing: normal; font-size: 40px; font-weight: normal; font-style: normal; font-family: STIXSizeOneSym, sans-serif;\"></div></div>'),(27,1,84,1,'<div style=\"visibility: hidden; overflow: hidden; position: absolute; top: 0px; height: 1px; width: auto; padding: 0px; border: 0px; margin: 0px; text-align: left; text-indent: 0px; text-transform: none; line-height: normal; letter-spacing: normal; word-spacing: normal;\"><div id=\"MathJax_Hidden\"></div></div><div id=\"MathJax_Message\" style=\"display: none;\"></div>\r\n\r\n<!-- copy paste always happens inside body. new element added is same as the next or the previous element.\r\nit also retains styling, need to think of a way in which styling can be removing while copy pasting.  -->\r\n<div id=\"editordiv\">\r\nThis is inline equation $\\sqrt[v]{wefd}$\r\n</div>\r\n\r\n\r\n<div style=\"position: absolute; width: 0px; height: 0px; overflow: hidden; padding: 0px; border: 0px; margin: 0px;\"><div id=\"MathJax_Font_Test\" style=\"position: absolute; visibility: hidden; top: 0px; left: 0px; width: auto; padding: 0px; border: 0px; margin: 0px; white-space: nowrap; text-align: left; text-indent: 0px; text-transform: none; line-height: normal; letter-spacing: normal; word-spacing: normal; font-size: 40px; font-weight: normal; font-style: normal; font-family: STIXSizeOneSym, sans-serif;\"></div></div>'),(28,1,84,1,'<div style=\"visibility: hidden; overflow: hidden; position: absolute; top: 0px; height: 1px; width: auto; padding: 0px; border: 0px; margin: 0px; text-align: left; text-indent: 0px; text-transform: none; line-height: normal; letter-spacing: normal; word-spacing: normal;\"><div id=\"MathJax_Hidden\"></div></div><div id=\"MathJax_Message\" style=\"display: none;\"></div>\r\n\r\n<!-- copy paste always happens inside body. new element added is same as the next or the previous element.\r\nit also retains styling, need to think of a way in which styling can be removing while copy pasting.  -->\r\n<div id=\"editordiv\">\r\nThis is inline equation $\\sqrt[v]{wefd}$\r\n</div>\r\n\r\n\r\n<div style=\"position: absolute; width: 0px; height: 0px; overflow: hidden; padding: 0px; border: 0px; margin: 0px;\"><div id=\"MathJax_Font_Test\" style=\"position: absolute; visibility: hidden; top: 0px; left: 0px; width: auto; padding: 0px; border: 0px; margin: 0px; white-space: nowrap; text-align: left; text-indent: 0px; text-transform: none; line-height: normal; letter-spacing: normal; word-spacing: normal; font-size: 40px; font-weight: normal; font-style: normal; font-family: STIXSizeOneSym, sans-serif;\"></div></div>'),(29,1,70,1,'\r\n\r\n<!-- copy paste always happens inside body. new element added is same as the next or the previous element.\r\nit also retains styling, need to think of a way in which styling can be removing while copy pasting.  -->\r\n<div id=\"editordiv\">\r\nThis is inline equation $\\sqrt[v]{wefd}$\r\n</div>\r\n\r\n\r\n<div> $\\sqrt[2]{3}$  $\\sqrt[2]{3}$  $\\sqrt[2]{3}$ </div>'),(30,1,89,1,'<div style=\"visibility: hidden; overflow: hidden; position: absolute; top: 0px; height: 1px; width: auto; padding: 0px; border: 0px; margin: 0px; text-align: left; text-indent: 0px; text-transform: none; line-height: normal; letter-spacing: normal; word-spacing: normal;\"><div id=\"MathJax_Hidden\"></div></div><div id=\"MathJax_Message\" style=\"display: none;\"></div>\r\n\r\n<!-- copy paste always happens inside body. new element added is same as the next or the previous element.\r\nit also retains styling, need to think of a way in which styling can be removing while copy pasting.  -->\r\n<div id=\"editordiv\">\r\nThis is inline equation $\\sqrt[v]{wefd}$\r\n</div>\r\n\r\n\r\n<div style=\"position: absolute; width: 0px; height: 0px; overflow: hidden; padding: 0px; border: 0px; margin: 0px;\"><div id=\"MathJax_Font_Test\" style=\"position: absolute; visibility: hidden; top: 0px; left: 0px; width: auto; padding: 0px; border: 0px; margin: 0px; white-space: nowrap; text-align: left; text-indent: 0px; text-transform: none; line-height: normal; letter-spacing: normal; word-spacing: normal; font-size: 40px; font-weight: normal; font-style: normal; font-family: STIXSizeOneSym, sans-serif;\"></div></div>'),(31,1,89,1,'\r\n\r\n<!-- copy paste always happens inside body. new element added is same as the next or the previous element.\r\nit also retains styling, need to think of a way in which styling can be removing while copy pasting.  -->\r\n<div id=\"editordiv\">\r\nThis is inline equation $\\sqrt[v]{wefd}$\r\n</div>\r\n\r\n\r\n'),(32,1,89,1,'<div style=\"visibility: hidden; overflow: hidden; position: absolute; top: 0px; height: 1px; width: auto; padding: 0px; border: 0px; margin: 0px; text-align: left; text-indent: 0px; text-transform: none; line-height: normal; letter-spacing: normal; word-spacing: normal;\"><div id=\"MathJax_Hidden\"></div></div><div id=\"MathJax_Message\" style=\"display: none;\"></div>\r\n\r\n<!-- copy paste always happens inside body. new element added is same as the next or the previous element.\r\nit also retains styling, need to think of a way in which styling can be removing while copy pasting.  -->\r\n<div id=\"editordiv\">\r\nThis is inline equation $\\sqrt[v]{wefd}$\r\n</div>\r\n\r\n\r\n<div style=\"position: absolute; width: 0px; height: 0px; overflow: hidden; padding: 0px; border: 0px; margin: 0px;\"><div id=\"MathJax_Font_Test\" style=\"position: absolute; visibility: hidden; top: 0px; left: 0px; width: auto; padding: 0px; border: 0px; margin: 0px; white-space: nowrap; text-align: left; text-indent: 0px; text-transform: none; line-height: normal; letter-spacing: normal; word-spacing: normal; font-size: 40px; font-weight: normal; font-style: normal; font-family: STIXSizeOneSym, sans-serif;\"></div></div>'),(33,1,96,1,'<div style=\"visibility: hidden; overflow: hidden; position: absolute; top: 0px; height: 1px; width: auto; padding: 0px; border: 0px; margin: 0px; text-align: left; text-indent: 0px; text-transform: none; line-height: normal; letter-spacing: normal; word-spacing: normal;\"><div id=\"MathJax_Hidden\"></div></div><div id=\"MathJax_Message\" style=\"display: none;\"></div>\r\n\r\n<!-- copy paste always happens inside body. new element added is same as the next or the previous element.\r\nit also retains styling, need to think of a way in which styling can be removing while copy pasting.  -->\r\n<div id=\"editordiv\">\r\nThis is inline equation $\\sqrt[v]{wefd}$\r\n</div>\r\n\r\n\r\n<div style=\"position: absolute; width: 0px; height: 0px; overflow: hidden; padding: 0px; border: 0px; margin: 0px;\"><div id=\"MathJax_Font_Test\" style=\"position: absolute; visibility: hidden; top: 0px; left: 0px; width: auto; padding: 0px; border: 0px; margin: 0px; white-space: nowrap; text-align: left; text-indent: 0px; text-transform: none; line-height: normal; letter-spacing: normal; word-spacing: normal; font-size: 40px; font-weight: normal; font-style: normal; font-family: STIXSizeOneSym, sans-serif;\"></div></div>'),(34,1,100,1,'<div style=\"visibility: hidden; overflow: hidden; position: absolute; top: 0px; height: 1px; width: auto; padding: 0px; border: 0px; margin: 0px; text-align: left; text-indent: 0px; text-transform: none; line-height: normal; letter-spacing: normal; word-spacing: normal;\"><div id=\"MathJax_Hidden\"></div></div><div id=\"MathJax_Message\" style=\"display: none;\"></div>\r\n\r\n<!-- copy paste always happens inside body. new element added is same as the next or the previous element.\r\nit also retains styling, need to think of a way in which styling can be removing while copy pasting.  -->\r\n<div id=\"editordiv\">\r\nThis is inline equation $\\sqrt[v]{wefd}$\r\n</div>\r\n\r\n\r\n<div style=\"position: absolute; width: 0px; height: 0px; overflow: hidden; padding: 0px; border: 0px; margin: 0px;\"><div id=\"MathJax_Font_Test\" style=\"position: absolute; visibility: hidden; top: 0px; left: 0px; width: auto; padding: 0px; border: 0px; margin: 0px; white-space: nowrap; text-align: left; text-indent: 0px; text-transform: none; line-height: normal; letter-spacing: normal; word-spacing: normal; font-size: 40px; font-weight: normal; font-style: normal; font-family: STIXSizeOneSym, sans-serif;\"></div></div><div> $\\sqrt[2]{3}$  $\\sqrt[2]{3}$  $\\sqrt[2]{3}$ </div>'),(35,1,96,1,'<div style=\"visibility: hidden; overflow: hidden; position: absolute; top: 0px; height: 1px; width: auto; padding: 0px; border: 0px; margin: 0px; text-align: left; text-indent: 0px; text-transform: none; line-height: normal; letter-spacing: normal; word-spacing: normal;\"><div id=\"MathJax_Hidden\"></div></div><div id=\"MathJax_Message\" style=\"display: none;\"></div>\r\n\r\n<!-- copy paste always happens inside body. new element added is same as the next or the previous element.\r\nit also retains styling, need to think of a way in which styling can be removing while copy pasting.  -->\r\n<div id=\"editordiv\">\r\nThis is inline equation $\\sqrt[v]{wefd}$\r\n</div>\r\n\r\n\r\n<div style=\"position: absolute; width: 0px; height: 0px; overflow: hidden; padding: 0px; border: 0px; margin: 0px;\"><div id=\"MathJax_Font_Test\" style=\"position: absolute; visibility: hidden; top: 0px; left: 0px; width: auto; padding: 0px; border: 0px; margin: 0px; white-space: nowrap; text-align: left; text-indent: 0px; text-transform: none; line-height: normal; letter-spacing: normal; word-spacing: normal; font-size: 40px; font-weight: normal; font-style: normal; font-family: STIXSizeOneSym, sans-serif;\"></div></div><div> $\\sqrt[2]{3}$  $\\sqrt[2]{3}$  $\\sqrt[2]{3}$  $\\sqrt[2]{3}$  $\\sqrt[2]{3}$  $\\sqrt[2]{3}$ </div>'),(36,1,100,1,'<div style=\"visibility: hidden; overflow: hidden; position: absolute; top: 0px; height: 1px; width: auto; padding: 0px; border: 0px; margin: 0px; text-align: left; text-indent: 0px; text-transform: none; line-height: normal; letter-spacing: normal; word-spacing: normal;\"><div id=\"MathJax_Hidden\"></div></div><div id=\"MathJax_Message\" style=\"display: none;\"></div>\r\n\r\n<!-- copy paste always happens inside body. new element added is same as the next or the previous element.\r\nit also retains styling, need to think of a way in which styling can be removing while copy pasting.  -->\r\n<div id=\"editordiv\">\r\nThis is inline equation $\\sqrt[v]{wefd}$\r\n</div>\r\n\r\n\r\n<div style=\"position: absolute; width: 0px; height: 0px; overflow: hidden; padding: 0px; border: 0px; margin: 0px;\"><div id=\"MathJax_Font_Test\" style=\"position: absolute; visibility: hidden; top: 0px; left: 0px; width: auto; padding: 0px; border: 0px; margin: 0px; white-space: nowrap; text-align: left; text-indent: 0px; text-transform: none; line-height: normal; letter-spacing: normal; word-spacing: normal; font-size: 40px; font-weight: normal; font-style: normal; font-family: STIXSizeOneSym, sans-serif;\"></div></div>'),(37,1,100,1,'<div style=\"visibility: hidden; overflow: hidden; position: absolute; top: 0px; height: 1px; width: auto; padding: 0px; border: 0px; margin: 0px; text-align: left; text-indent: 0px; text-transform: none; line-height: normal; letter-spacing: normal; word-spacing: normal;\"><div id=\"MathJax_Hidden\"></div></div><div id=\"MathJax_Message\" style=\"display: none;\"></div>\r\n\r\n<!-- copy paste always happens inside body. new element added is same as the next or the previous element.\r\nit also retains styling, need to think of a way in which styling can be removing while copy pasting.  -->\r\n<div id=\"editordiv\">\r\nThis is inline equation $\\sqrt[v]{wefd}$\r\n</div>\r\n\r\n\r\n<div style=\"position: absolute; width: 0px; height: 0px; overflow: hidden; padding: 0px; border: 0px; margin: 0px;\"><div id=\"MathJax_Font_Test\" style=\"position: absolute; visibility: hidden; top: 0px; left: 0px; width: auto; padding: 0px; border: 0px; margin: 0px; white-space: nowrap; text-align: left; text-indent: 0px; text-transform: none; line-height: normal; letter-spacing: normal; word-spacing: normal; font-size: 40px; font-weight: normal; font-style: normal; font-family: STIXSizeOneSym, sans-serif;\"></div></div>'),(38,1,100,1,'<div style=\"visibility: hidden; overflow: hidden; position: absolute; top: 0px; height: 1px; width: auto; padding: 0px; border: 0px; margin: 0px; text-align: left; text-indent: 0px; text-transform: none; line-height: normal; letter-spacing: normal; word-spacing: normal;\"><div id=\"MathJax_Hidden\"></div></div><div id=\"MathJax_Message\" style=\"display: none;\"></div>\r\n\r\n<!-- copy paste always happens inside body. new element added is same as the next or the previous element.\r\nit also retains styling, need to think of a way in which styling can be removing while copy pasting.  -->\r\n<div id=\"editordiv\">\r\nThis is This is inline equation</div><div id=\"editordiv\"></div><div style=\"position: absolute; width: 0px; height: 0px; overflow: hidden; padding: 0px; border: 0px; margin: 0px;\"><div id=\"MathJax_Font_Test\" style=\"position: absolute; visibility: hidden; top: 0px; left: 0px; width: auto; padding: 0px; border: 0px; margin: 0px; white-space: nowrap; word-spacing: normal; font-size: 40px; font-family: STIXSizeOneSym, sans-serif;\"></div></div><div></div><div id=\"editordiv\">inline equation $\\sqrt[v]{wefd}$\r\n</div>\r\n\r\n\r\n<div style=\"position: absolute; width: 0px; height: 0px; overflow: hidden; padding: 0px; border: 0px; margin: 0px;\"><div id=\"MathJax_Font_Test\" style=\"position: absolute; visibility: hidden; top: 0px; left: 0px; width: auto; padding: 0px; border: 0px; margin: 0px; white-space: nowrap; text-align: left; text-indent: 0px; text-transform: none; line-height: normal; letter-spacing: normal; word-spacing: normal; font-size: 40px; font-weight: normal; font-style: normal; font-family: STIXSizeOneSym, sans-serif;\"></div></div>'),(39,1,100,1,'<div style=\"visibility: hidden; overflow: hidden; position: absolute; top: 0px; height: 1px; width: auto; padding: 0px; border: 0px; margin: 0px; text-align: left; text-indent: 0px; text-transform: none; line-height: normal; letter-spacing: normal; word-spacing: normal;\"><div id=\"MathJax_Hidden\"></div></div><div id=\"MathJax_Message\" style=\"display: none;\"></div>\r\n\r\n<!-- copy paste always happens inside body. new element added is same as the next or the previous element.\r\nit also retains styling, need to think of a way in which styling can be removing while copy pasting.  -->\r\n<div id=\"editordiv\">\r\nThis is inline This is inline equation</div><div id=\"editordiv\"></div><div style=\"position: absolute; width: 0px; height: 0px; overflow: hidden; padding: 0px; border: 0px; margin: 0px;\"><div id=\"MathJax_Font_Test\" style=\"position: absolute; visibility: hidden; top: 0px; left: 0px; width: auto; padding: 0px; border: 0px; margin: 0px; white-space: nowrap; word-spacing: normal; font-size: 40px; font-family: STIXSizeOneSym, sans-serif;\"></div></div><div></div><div id=\"editordiv\">equation $\\sqrt[v]{wefd}$\r\n</div>\r\n\r\n\r\n<div style=\"position: absolute; width: 0px; height: 0px; overflow: hidden; padding: 0px; border: 0px; margin: 0px;\"><div id=\"MathJax_Font_Test\" style=\"position: absolute; visibility: hidden; top: 0px; left: 0px; width: auto; padding: 0px; border: 0px; margin: 0px; white-space: nowrap; text-align: left; text-indent: 0px; text-transform: none; line-height: normal; letter-spacing: normal; word-spacing: normal; font-size: 40px; font-weight: normal; font-style: normal; font-family: STIXSizeOneSym, sans-serif;\"></div></div>'),(40,1,101,1,'<div style=\"visibility: hidden; overflow: hidden; position: absolute; top: 0px; height: 1px; width: auto; padding: 0px; border: 0px; margin: 0px; text-align: left; text-indent: 0px; text-transform: none; line-height: normal; letter-spacing: normal; word-spacing: normal;\"><div id=\"MathJax_Hidden\"></div></div><div id=\"MathJax_Message\" style=\"display: none;\"></div>\r\n\r\n<!-- copy paste always happens inside body. new element added is same as the next or the previous element.\r\nit also retains styling, need to think of a way in which styling can be removing while copy pasting.  -->\r\n<div id=\"editordiv\">\r\nThis is inline equation $\\sqrt[v]{wefd}$\r\n</div>\r\n\r\n\r\n<div style=\"position: absolute; width: 0px; height: 0px; overflow: hidden; padding: 0px; border: 0px; margin: 0px;\"><div id=\"MathJax_Font_Test\" style=\"position: absolute; visibility: hidden; top: 0px; left: 0px; width: auto; padding: 0px; border: 0px; margin: 0px; white-space: nowrap; text-align: left; text-indent: 0px; text-transform: none; line-height: normal; letter-spacing: normal; word-spacing: normal; font-size: 40px; font-weight: normal; font-style: normal; font-family: MathJax_Main, sans-serif;\"></div></div>'),(41,1,101,1,'<div style=\"visibility: hidden; overflow: hidden; position: absolute; top: 0px; height: 1px; width: auto; padding: 0px; border: 0px; margin: 0px; text-align: left; text-indent: 0px; text-transform: none; line-height: normal; letter-spacing: normal; word-spacing: normal;\"><div id=\"MathJax_Hidden\"></div></div><div id=\"MathJax_Message\" style=\"display: none;\"></div>\r\n\r\n<!-- copy paste always happens inside body. new element added is same as the next or the previous element.\r\nit also retains styling, need to think of a way in which styling can be removing while copy pasting.  -->\r\n<div id=\"editordiv\">\r\nThis is inline equation $\\sqrt[v]{wefd}$\r\n</div>\r\n\r\n\r\n<div style=\"position: absolute; width: 0px; height: 0px; overflow: hidden; padding: 0px; border: 0px; margin: 0px;\"><div id=\"MathJax_Font_Test\" style=\"position: absolute; visibility: hidden; top: 0px; left: 0px; width: auto; padding: 0px; border: 0px; margin: 0px; white-space: nowrap; text-align: left; text-indent: 0px; text-transform: none; line-height: normal; letter-spacing: normal; word-spacing: normal; font-size: 40px; font-weight: normal; font-style: normal; font-family: MathJax_Main, sans-serif;\"></div></div>');
/*!40000 ALTER TABLE `answer` ENABLE KEYS */;
UNLOCK TABLES;

--
-- Table structure for table `questionvote`
--

DROP TABLE IF EXISTS `questionvote`;
/*!40101 SET @saved_cs_client     = @@character_set_client */;
/*!40101 SET character_set_client = utf8 */;
CREATE TABLE `questionvote` (
  `QuestionVoteId` int(10) unsigned NOT NULL AUTO_INCREMENT,
  `VotedByUserId` int(10) unsigned NOT NULL,
  `UpOrDown` tinyint(4) NOT NULL,
  `VoteDate` datetime NOT NULL,
  `QuestionId` int(10) unsigned DEFAULT NULL,
  PRIMARY KEY (`QuestionVoteId`),
  KEY `QuestionFk_idx` (`QuestionId`),
  KEY `AppUserfk_idx` (`VotedByUserId`),
  CONSTRAINT `AppUserfk` FOREIGN KEY (`VotedByUserId`) REFERENCES `appuser` (`AppUserId`) ON DELETE NO ACTION ON UPDATE NO ACTION,
  CONSTRAINT `QuestionFk` FOREIGN KEY (`QuestionId`) REFERENCES `question` (`questionId`) ON DELETE NO ACTION ON UPDATE NO ACTION
) ENGINE=InnoDB AUTO_INCREMENT=5 DEFAULT CHARSET=latin1;
/*!40101 SET character_set_client = @saved_cs_client */;

--
-- Dumping data for table `questionvote`
--

LOCK TABLES `questionvote` WRITE;
/*!40000 ALTER TABLE `questionvote` DISABLE KEYS */;
INSERT INTO `questionvote` VALUES (2,1,0,'2015-07-03 00:00:00',80),(3,1,0,'2015-07-03 00:00:00',80),(4,1,0,'2015-07-03 00:00:00',80);
/*!40000 ALTER TABLE `questionvote` ENABLE KEYS */;
UNLOCK TABLES;

--
-- Table structure for table `questiontag`
--

DROP TABLE IF EXISTS `questiontag`;
/*!40101 SET @saved_cs_client     = @@character_set_client */;
/*!40101 SET character_set_client = utf8 */;
CREATE TABLE `questiontag` (
  `QuestionTagId` int(10) unsigned NOT NULL AUTO_INCREMENT,
  `QuestionId` int(10) unsigned NOT NULL,
  `TagId` int(10) unsigned NOT NULL,
  PRIMARY KEY (`QuestionTagId`),
  KEY `QuestionTag_FKIndex1` (`TagId`),
  KEY `QuestionTag_FKIndex2` (`QuestionId`),
  CONSTRAINT `questiontag_ibfk_1` FOREIGN KEY (`TagId`) REFERENCES `tag` (`TagId`) ON DELETE NO ACTION ON UPDATE NO ACTION,
  CONSTRAINT `questiontag_ibfk_2` FOREIGN KEY (`QuestionId`) REFERENCES `question` (`questionId`) ON DELETE NO ACTION ON UPDATE NO ACTION
) ENGINE=InnoDB DEFAULT CHARSET=latin1;
/*!40101 SET character_set_client = @saved_cs_client */;

--
-- Dumping data for table `questiontag`
--

LOCK TABLES `questiontag` WRITE;
/*!40000 ALTER TABLE `questiontag` DISABLE KEYS */;
/*!40000 ALTER TABLE `questiontag` ENABLE KEYS */;
UNLOCK TABLES;

--
-- Table structure for table `appuser`
--

DROP TABLE IF EXISTS `appuser`;
/*!40101 SET @saved_cs_client     = @@character_set_client */;
/*!40101 SET character_set_client = utf8 */;
CREATE TABLE `appuser` (
  `AppUserId` int(10) unsigned NOT NULL AUTO_INCREMENT,
  `UserReputationId` int(10) unsigned DEFAULT NULL,
  `Email` varchar(20) NOT NULL,
  `Pasword` varchar(20) NOT NULL,
  `FirstName` varchar(20) NOT NULL,
  `MiddleName` varchar(20) DEFAULT NULL,
  `LastName` varchar(20) NOT NULL,
  PRIMARY KEY (`AppUserId`),
  KEY `AppUser_FKIndex1` (`UserReputationId`),
  CONSTRAINT `appuser_ibfk_1` FOREIGN KEY (`UserReputationId`) REFERENCES `userreputation` (`UserReputationId`) ON DELETE NO ACTION ON UPDATE NO ACTION
) ENGINE=InnoDB AUTO_INCREMENT=6 DEFAULT CHARSET=latin1;
/*!40101 SET character_set_client = @saved_cs_client */;

--
-- Dumping data for table `appuser`
--

LOCK TABLES `appuser` WRITE;
/*!40000 ALTER TABLE `appuser` DISABLE KEYS */;
INSERT INTO `appuser` VALUES (1,NULL,'anigam@expedia.com','pass','Anand','K','nigam'),(2,NULL,'anigam@gmail.com','pass','Anand','K','nigam'),(3,NULL,'anigam@gmail.com','sasx','Anand','K','nigam'),(4,NULL,'anand@gmail.com','pass','Anand','K','nigam'),(5,NULL,'priya@yahoo.com','password','priya','','Nigam');
/*!40000 ALTER TABLE `appuser` ENABLE KEYS */;
UNLOCK TABLES;

--
-- Table structure for table `classroom`
--

DROP TABLE IF EXISTS `classroom`;
/*!40101 SET @saved_cs_client     = @@character_set_client */;
/*!40101 SET character_set_client = utf8 */;
CREATE TABLE `classroom` (
  `ClassroomId` int(10) unsigned NOT NULL AUTO_INCREMENT,
  `MinReputationToJoinId` int(10) unsigned NOT NULL,
  `ClassOwner` int(10) unsigned NOT NULL,
  `ClassName` varchar(20) NOT NULL,
  `IsPublic` tinyint(1) NOT NULL,
  `RefClassroomMemberStatusId` int(10) unsigned NOT NULL,
  `CreateDate` datetime NOT NULL,
  `LastUpdateDate` datetime NOT NULL,
  PRIMARY KEY (`ClassroomId`),
  KEY `Classroom_FKIndex1` (`ClassOwner`),
  KEY `Classroom_FKIndex2` (`MinReputationToJoinId`),
  KEY `classroom_ibfk_3_idx` (`RefClassroomMemberStatusId`),
  CONSTRAINT `classroom_ibfk_1` FOREIGN KEY (`ClassOwner`) REFERENCES `appuser` (`AppUserId`) ON DELETE NO ACTION ON UPDATE NO ACTION,
  CONSTRAINT `classroom_ibfk_2` FOREIGN KEY (`MinReputationToJoinId`) REFERENCES `userreputation` (`UserReputationId`) ON DELETE NO ACTION ON UPDATE NO ACTION,
  CONSTRAINT `classroom_ibfk_3` FOREIGN KEY (`RefClassroomMemberStatusId`) REFERENCES `refclassroommemberstatus` (`RefClassroomMemberStatusId`) ON DELETE NO ACTION ON UPDATE NO ACTION
) ENGINE=InnoDB DEFAULT CHARSET=latin1;
/*!40101 SET character_set_client = @saved_cs_client */;

--
-- Dumping data for table `classroom`
--

LOCK TABLES `classroom` WRITE;
/*!40000 ALTER TABLE `classroom` DISABLE KEYS */;
/*!40000 ALTER TABLE `classroom` ENABLE KEYS */;
UNLOCK TABLES;

--
-- Table structure for table `refquestionstatus`
--

DROP TABLE IF EXISTS `refquestionstatus`;
/*!40101 SET @saved_cs_client     = @@character_set_client */;
/*!40101 SET character_set_client = utf8 */;
CREATE TABLE `refquestionstatus` (
  `RefQuestionStatusId` int(10) unsigned NOT NULL,
  `QuestionStatusName` varchar(20) NOT NULL,
  PRIMARY KEY (`RefQuestionStatusId`)
) ENGINE=InnoDB DEFAULT CHARSET=latin1;
/*!40101 SET character_set_client = @saved_cs_client */;

--
-- Dumping data for table `refquestionstatus`
--

LOCK TABLES `refquestionstatus` WRITE;
/*!40000 ALTER TABLE `refquestionstatus` DISABLE KEYS */;
INSERT INTO `refquestionstatus` VALUES (1,'new');
/*!40000 ALTER TABLE `refquestionstatus` ENABLE KEYS */;
UNLOCK TABLES;

--
-- Table structure for table `question`
--

DROP TABLE IF EXISTS `question`;
/*!40101 SET @saved_cs_client     = @@character_set_client */;
/*!40101 SET character_set_client = utf8 */;
CREATE TABLE `question` (
  `questionId` int(10) unsigned NOT NULL AUTO_INCREMENT,
  `RefSubjectId` int(10) unsigned NOT NULL,
  `QuestionLevelId` int(10) unsigned NOT NULL,
  `PostedBy` int(10) unsigned NOT NULL,
  `RefQuestionStatusId` int(10) unsigned NOT NULL,
  `Title` varchar(50) NOT NULL,
  `Content` text NOT NULL,
  `NoOfViews` int(10) unsigned NOT NULL DEFAULT '0',
  `PostDate` datetime NOT NULL,
  `LastActiveDate` datetime NOT NULL,
  `Votes` int(10) unsigned NOT NULL DEFAULT '0',
  `IsPublic` tinyint(1) NOT NULL,
  `ClassroomId` int(10) unsigned DEFAULT NULL,
  PRIMARY KEY (`questionId`),
  UNIQUE KEY `Title_UNIQUE` (`Title`),
  KEY `Question_FKIndex1` (`RefQuestionStatusId`),
  KEY `Question_FKIndex2` (`PostedBy`),
  KEY `Question_FKIndex3` (`QuestionLevelId`),
  KEY `Question_FKIndex4` (`RefSubjectId`),
  KEY `question_ibfk_5_idx` (`ClassroomId`),
  CONSTRAINT `question_ibfk_1` FOREIGN KEY (`RefQuestionStatusId`) REFERENCES `refquestionstatus` (`RefQuestionStatusId`) ON DELETE NO ACTION ON UPDATE NO ACTION,
  CONSTRAINT `question_ibfk_2` FOREIGN KEY (`PostedBy`) REFERENCES `appuser` (`AppUserId`) ON DELETE NO ACTION ON UPDATE NO ACTION,
  CONSTRAINT `question_ibfk_3` FOREIGN KEY (`QuestionLevelId`) REFERENCES `questionlevel` (`QuestionLevelId`) ON DELETE NO ACTION ON UPDATE NO ACTION,
  CONSTRAINT `question_ibfk_4` FOREIGN KEY (`RefSubjectId`) REFERENCES `refsubject` (`RefSubjectId`) ON DELETE NO ACTION ON UPDATE NO ACTION,
  CONSTRAINT `question_ibfk_5` FOREIGN KEY (`ClassroomId`) REFERENCES `classroom` (`ClassroomId`) ON DELETE NO ACTION ON UPDATE NO ACTION
) ENGINE=InnoDB AUTO_INCREMENT=106 DEFAULT CHARSET=latin1;
/*!40101 SET character_set_client = @saved_cs_client */;

--
-- Dumping data for table `question`
--

LOCK TABLES `question` WRITE;
/*!40000 ALTER TABLE `question` DISABLE KEYS */;
INSERT INTO `question` VALUES (45,1,1,4,1,'This is title','<div style=\"visibility: hidden; overflow: hidden; position: absolute; top: 0px; height: 1px; width: auto; padding: 0px; border: 0px; margin: 0px; text-align: left; text-indent: 0px; text-transform: none; line-height: normal; letter-spacing: normal; word-spacing: normal;\"><div id=\"MathJax_Hidden\"></div></div><div id=\"MathJax_Message\" style=\"display: none;\"></div>\r\n\r\n<!-- copy paste always happens inside body. new element added is same as the next or the previous element.\r\nit also retains styling, need to think of a way in which styling can be removing while copy pasting.  -->\r\n<div id=\"editordiv\">\r\nThis is inline equation $\\sqrt[v]{wefd}$\r\n</div>\r\n\r\n\r\n<div style=\"position: absolute; width: 0px; height: 0px; overflow: hidden; padding: 0px; border: 0px; margin: 0px;\"><div id=\"MathJax_Font_Test\" style=\"position: absolute; visibility: hidden; top: 0px; left: 0px; width: auto; padding: 0px; border: 0px; margin: 0px; white-space: nowrap; text-align: left; text-indent: 0px; text-transform: none; line-height: normal; letter-spacing: normal; word-spacing: normal; font-size: 40px; font-weight: normal; font-style: normal; font-family: STIXSizeOneSym, sans-serif;\"></div></div>',0,'2015-01-18 11:11:43','2015-01-18 11:11:43',0,1,NULL),(47,1,1,4,1,'What is the factorial of zero?','<div style=\"visibility: hidden; overflow: hidden; position: absolute; top: 0px; height: 1px; width: auto; padding: 0px; border: 0px; margin: 0px; text-align: left; text-indent: 0px; text-transform: none; line-height: normal; letter-spacing: normal; word-spacing: normal;\"><div id=\"MathJax_Hidden\"></div></div><div id=\"MathJax_Message\" style=\"display: none;\"></div>\r\n\r\n<!-- copy paste always happens inside body. new element added is same as the next or the previous element.\r\nit also retains styling, need to think of a way in which styling can be removing while copy pasting.  -->\r\n<div id=\"editordiv\">\r\nThis is inline equation $\\sqrt[v]{wefd}$\r\n</div>\r\n\r\n\r\n<div style=\"position: absolute; width: 0px; height: 0px; overflow: hidden; padding: 0px; border: 0px; margin: 0px;\"><div id=\"MathJax_Font_Test\" style=\"position: absolute; visibility: hidden; top: 0px; left: 0px; width: auto; padding: 0px; border: 0px; margin: 0px; white-space: nowrap; text-align: left; text-indent: 0px; text-transform: none; line-height: normal; letter-spacing: normal; word-spacing: normal; font-size: 40px; font-weight: normal; font-style: normal; font-family: STIXSizeOneSym, sans-serif;\"></div></div><div><p>\r\n$$\r\n\\frac{-b\\pm\\sqrt{b^2-4ac}}{2a}\r\n$$\r\n</p></div>',0,'2015-01-18 13:48:05','2015-01-18 13:48:05',0,1,NULL),(49,1,1,4,1,'This is title dddd','<div style=\"visibility: hidden; overflow: hidden; position: absolute; top: 0px; height: 1px; width: auto; padding: 0px; border: 0px; margin: 0px; text-align: left; text-indent: 0px; text-transform: none; line-height: normal; letter-spacing: normal; word-spacing: normal;\"><div id=\"MathJax_Hidden\"></div></div><div id=\"MathJax_Message\" style=\"display: none;\"></div>\r\n\r\n<!-- copy paste always happens inside body. new element added is same as the next or the previous element.\r\nit also retains styling, need to think of a way in which styling can be removing while copy pasting.  -->\r\n<div id=\"editordiv\">\r\nThis is inline equation $\\sqrt[v]{wefd}$\r\n</div>\r\n\r\n\r\n<div style=\"position: absolute; width: 0px; height: 0px; overflow: hidden; padding: 0px; border: 0px; margin: 0px;\"><div id=\"MathJax_Font_Test\" style=\"position: absolute; visibility: hidden; top: 0px; left: 0px; width: auto; padding: 0px; border: 0px; margin: 0px; white-space: nowrap; text-align: left; text-indent: 0px; text-transform: none; line-height: normal; letter-spacing: normal; word-spacing: normal; font-size: 40px; font-weight: normal; font-style: normal; font-family: STIXSizeOneSym, sans-serif;\"></div></div>',0,'2015-01-26 21:41:58','2015-01-26 21:41:58',0,1,NULL),(50,1,1,4,1,'This is title gggg','<div style=\"visibility: hidden; overflow: hidden; position: absolute; top: 0px; height: 1px; width: auto; padding: 0px; border: 0px; margin: 0px; text-align: left; text-indent: 0px; text-transform: none; line-height: normal; letter-spacing: normal; word-spacing: normal;\"><div id=\"MathJax_Hidden\"></div></div><div id=\"MathJax_Message\" style=\"display: none;\"></div>\r\n\r\n<!-- copy paste always happens inside body. new element added is same as the next or the previous element.\r\nit also retains styling, need to think of a way in which styling can be removing while copy pasting.  -->\r\n<div id=\"editordiv\">\r\nThis is inline equation $\\sqrt[v]{wefd}$\r\n</div>\r\n\r\n\r\n<div style=\"position: absolute; width: 0px; height: 0px; overflow: hidden; padding: 0px; border: 0px; margin: 0px;\"><div id=\"MathJax_Font_Test\" style=\"position: absolute; visibility: hidden; top: 0px; left: 0px; width: auto; padding: 0px; border: 0px; margin: 0px; white-space: nowrap; text-align: left; text-indent: 0px; text-transform: none; line-height: normal; letter-spacing: normal; word-spacing: normal; font-size: 40px; font-weight: normal; font-style: normal; font-family: STIXSizeOneSym, sans-serif;\"></div></div>',0,'2015-01-26 21:50:10','2015-01-26 21:50:10',0,1,NULL),(51,1,1,4,1,'aaaThis is title','<div style=\"visibility: hidden; overflow: hidden; position: absolute; top: 0px; height: 1px; width: auto; padding: 0px; border: 0px; margin: 0px; text-align: left; text-indent: 0px; text-transform: none; line-height: normal; letter-spacing: normal; word-spacing: normal;\"><div id=\"MathJax_Hidden\"></div></div><div id=\"MathJax_Message\" style=\"display: none;\"></div>\r\n\r\n<!-- copy paste always happens inside body. new element added is same as the next or the previous element.\r\nit also retains styling, need to think of a way in which styling can be removing while copy pasting.  -->\r\n<div id=\"editordiv\">\r\nThis is inline equation $\\sqrt[v]{wefd}$\r\n</div>\r\n\r\n\r\n<div style=\"position: absolute; width: 0px; height: 0px; overflow: hidden; padding: 0px; border: 0px; margin: 0px;\"><div id=\"MathJax_Font_Test\" style=\"position: absolute; visibility: hidden; top: 0px; left: 0px; width: auto; padding: 0px; border: 0px; margin: 0px; white-space: nowrap; text-align: left; text-indent: 0px; text-transform: none; line-height: normal; letter-spacing: normal; word-spacing: normal; font-size: 40px; font-weight: normal; font-style: normal; font-family: STIXSizeOneSym, sans-serif;\"></div></div>',0,'2015-01-26 22:27:16','2015-01-26 22:27:16',0,1,NULL),(53,1,1,1,1,'This is title1234','<div style=\"visibility: hidden; overflow: hidden; position: absolute; top: 0px; height: 1px; width: auto; padding: 0px; border: 0px; margin: 0px; text-align: left; text-indent: 0px; text-transform: none; line-height: normal; letter-spacing: normal; word-spacing: normal;\"><div id=\"MathJax_Hidden\"></div></div><div id=\"MathJax_Message\" style=\"display: none;\"></div>\r\n\r\n<!-- copy paste always happens inside body. new element added is same as the next or the previous element.\r\nit also retains styling, need to think of a way in which styling can be removing while copy pasting.  -->\r\n<div id=\"editordiv\">\r\nThis is inline equation $\\sqrt[v]{wefd}$\r\n</div>\r\n\r\n\r\n<div style=\"position: absolute; width: 0px; height: 0px; overflow: hidden; padding: 0px; border: 0px; margin: 0px;\"><div id=\"MathJax_Font_Test\" style=\"position: absolute; visibility: hidden; top: 0px; left: 0px; width: auto; padding: 0px; border: 0px; margin: 0px; white-space: nowrap; text-align: left; text-indent: 0px; text-transform: none; line-height: normal; letter-spacing: normal; word-spacing: normal; font-size: 40px; font-weight: normal; font-style: normal; font-family: STIXSizeOneSym, sans-serif;\"></div></div>',0,'2015-06-12 11:03:37','2015-06-12 11:03:37',0,1,NULL),(54,1,1,1,1,'This is title3454635','<div style=\"visibility: hidden; overflow: hidden; position: absolute; top: 0px; height: 1px; width: auto; padding: 0px; border: 0px; margin: 0px; text-align: left; text-indent: 0px; text-transform: none; line-height: normal; letter-spacing: normal; word-spacing: normal;\"><div id=\"MathJax_Hidden\"></div></div><div id=\"MathJax_Message\" style=\"display: none;\"></div>\r\n\r\n<!-- copy paste always happens inside body. new element added is same as the next or the previous element.\r\nit also retains styling, need to think of a way in which styling can be removing while copy pasting.  -->\r\n<div id=\"editordiv\">\r\nThis is inline equation $\\sqrt[v]{wefd}$\r\n</div>\r\n\r\n\r\n<div style=\"position: absolute; width: 0px; height: 0px; overflow: hidden; padding: 0px; border: 0px; margin: 0px;\"><div id=\"MathJax_Font_Test\" style=\"position: absolute; visibility: hidden; top: 0px; left: 0px; width: auto; padding: 0px; border: 0px; margin: 0px; white-space: nowrap; text-align: left; text-indent: 0px; text-transform: none; line-height: normal; letter-spacing: normal; word-spacing: normal; font-size: 40px; font-weight: normal; font-style: normal; font-family: STIXSizeOneSym, sans-serif;\"></div></div>',0,'2015-06-12 11:04:25','2015-06-12 11:04:25',0,1,NULL),(55,1,1,1,1,'This is title359486340','<div style=\"visibility: hidden; overflow: hidden; position: absolute; top: 0px; height: 1px; width: auto; padding: 0px; border: 0px; margin: 0px; text-align: left; text-indent: 0px; text-transform: none; line-height: normal; letter-spacing: normal; word-spacing: normal;\"><div id=\"MathJax_Hidden\"></div></div><div id=\"MathJax_Message\" style=\"display: none;\"></div>\r\n\r\n<!-- copy paste always happens inside body. new element added is same as the next or the previous element.\r\nit also retains styling, need to think of a way in which styling can be removing while copy pasting.  -->\r\n<div id=\"editordiv\">\r\nThis is inline equation $\\sqrt[v]{wefd}$\r\n</div>\r\n\r\n\r\n<div style=\"position: absolute; width: 0px; height: 0px; overflow: hidden; padding: 0px; border: 0px; margin: 0px;\"><div id=\"MathJax_Font_Test\" style=\"position: absolute; visibility: hidden; top: 0px; left: 0px; width: auto; padding: 0px; border: 0px; margin: 0px; white-space: nowrap; text-align: left; text-indent: 0px; text-transform: none; line-height: normal; letter-spacing: normal; word-spacing: normal; font-size: 40px; font-weight: normal; font-style: normal; font-family: STIXSizeOneSym, sans-serif;\"></div></div>',0,'2015-06-12 11:17:03','2015-06-12 11:17:03',0,1,NULL),(56,1,1,1,1,'This is a mathematical ','<div style=\"visibility: hidden; overflow: hidden; position: absolute; top: 0px; height: 1px; width: auto; padding: 0px; border: 0px; margin: 0px; text-align: left; text-indent: 0px; text-transform: none; line-height: normal; letter-spacing: normal; word-spacing: normal;\"><div id=\"MathJax_Hidden\"></div></div><div id=\"MathJax_Message\" style=\"display: none;\"></div>\r\n\r\n<!-- copy paste always happens inside body. new element added is same as the next or the previous element.\r\nit also retains styling, need to think of a way in which styling can be removing while copy pasting.  -->\r\n<div id=\"editordiv\">\r\nThis is inline equation $\\sqrt[v]{wefd}$\r\n</div>\r\n\r\n\r\n<div style=\"position: absolute; width: 0px; height: 0px; overflow: hidden; padding: 0px; border: 0px; margin: 0px;\"><div id=\"MathJax_Font_Test\" style=\"position: absolute; visibility: hidden; top: 0px; left: 0px; width: auto; padding: 0px; border: 0px; margin: 0px; white-space: nowrap; text-align: left; text-indent: 0px; text-transform: none; line-height: normal; letter-spacing: normal; word-spacing: normal; font-size: 40px; font-weight: normal; font-style: normal; font-family: STIXSizeOneSym, sans-serif;\"></div></div><div> $\\sqrt[2]{3}$   $\\sqrt[2]{3}$</div>',0,'2015-06-12 16:21:42','2015-06-12 16:21:42',0,1,NULL),(57,1,1,1,1,'This is title 7898','<div style=\"visibility: hidden; overflow: hidden; position: absolute; top: 0px; height: 1px; width: auto; padding: 0px; border: 0px; margin: 0px; text-align: left; text-indent: 0px; text-transform: none; line-height: normal; letter-spacing: normal; word-spacing: normal;\"><div id=\"MathJax_Hidden\"></div></div><div id=\"MathJax_Message\" style=\"display: none;\"></div>\r\n\r\n<!-- copy paste always happens inside body. new element added is same as the next or the previous element.\r\nit also retains styling, need to think of a way in which styling can be removing while copy pasting.  -->\r\n<div id=\"editordiv\">\r\nThis is inline equation $\\sqrt[v]{wefd}$\r\n</div>\r\n\r\n\r\n<div style=\"position: absolute; width: 0px; height: 0px; overflow: hidden; padding: 0px; border: 0px; margin: 0px;\"><div id=\"MathJax_Font_Test\" style=\"position: absolute; visibility: hidden; top: 0px; left: 0px; width: auto; padding: 0px; border: 0px; margin: 0px; white-space: nowrap; text-align: left; text-indent: 0px; text-transform: none; line-height: normal; letter-spacing: normal; word-spacing: normal; font-size: 40px; font-weight: normal; font-style: normal; font-family: STIXSizeOneSym, sans-serif;\"></div></div>',0,'2015-06-13 16:57:04','2015-06-13 16:57:04',0,1,NULL),(58,1,1,1,1,'1. 2. This is title','<div style=\"visibility: hidden; overflow: hidden; position: absolute; top: 0px; height: 1px; width: auto; padding: 0px; border: 0px; margin: 0px; text-align: left; text-indent: 0px; text-transform: none; line-height: normal; letter-spacing: normal; word-spacing: normal;\"><div id=\"MathJax_Hidden\"></div></div><div id=\"MathJax_Message\" style=\"display: none;\"></div>\r\n\r\n<!-- copy paste always happens inside body. new element added is same as the next or the previous element.\r\nit also retains styling, need to think of a way in which styling can be removing while copy pasting.  -->\r\n<div id=\"editordiv\">\r\nThis is inline equation $\\sqrt[v]{wefd}$\r\n</div>\r\n\r\n\r\n<div style=\"position: absolute; width: 0px; height: 0px; overflow: hidden; padding: 0px; border: 0px; margin: 0px;\"><div id=\"MathJax_Font_Test\" style=\"position: absolute; visibility: hidden; top: 0px; left: 0px; width: auto; padding: 0px; border: 0px; margin: 0px; white-space: nowrap; text-align: left; text-indent: 0px; text-transform: none; line-height: normal; letter-spacing: normal; word-spacing: normal; font-size: 40px; font-weight: normal; font-style: normal; font-family: STIXSizeOneSym, sans-serif;\"></div></div>',0,'2015-06-13 17:09:56','2015-06-13 17:09:56',0,1,NULL),(59,1,1,1,1,'1This is title','<div style=\"visibility: hidden; overflow: hidden; position: absolute; top: 0px; height: 1px; width: auto; padding: 0px; border: 0px; margin: 0px; text-align: left; text-indent: 0px; text-transform: none; line-height: normal; letter-spacing: normal; word-spacing: normal;\"><div id=\"MathJax_Hidden\"></div></div><div id=\"MathJax_Message\" style=\"display: none;\"></div>\r\n\r\n<!-- copy paste always happens inside body. new element added is same as the next or the previous element.\r\nit also retains styling, need to think of a way in which styling can be removing while copy pasting.  -->\r\n<div id=\"editordiv\">\r\nThis is inline equation $\\sqrt[v]{wefd}$\r\n</div>\r\n\r\n\r\n<div style=\"position: absolute; width: 0px; height: 0px; overflow: hidden; padding: 0px; border: 0px; margin: 0px;\"><div id=\"MathJax_Font_Test\" style=\"position: absolute; visibility: hidden; top: 0px; left: 0px; width: auto; padding: 0px; border: 0px; margin: 0px; white-space: nowrap; text-align: left; text-indent: 0px; text-transform: none; line-height: normal; letter-spacing: normal; word-spacing: normal; font-size: 40px; font-weight: normal; font-style: normal; font-family: STIXSizeOneSym, sans-serif;\"></div></div>',0,'2015-06-13 17:14:54','2015-06-13 17:14:54',0,1,NULL),(60,1,1,1,1,'1.This is title','<div style=\"visibility: hidden; overflow: hidden; position: absolute; top: 0px; height: 1px; width: auto; padding: 0px; border: 0px; margin: 0px; text-align: left; text-indent: 0px; text-transform: none; line-height: normal; letter-spacing: normal; word-spacing: normal;\"><div id=\"MathJax_Hidden\"></div></div><div id=\"MathJax_Message\" style=\"display: none;\"></div>\r\n\r\n<!-- copy paste always happens inside body. new element added is same as the next or the previous element.\r\nit also retains styling, need to think of a way in which styling can be removing while copy pasting.  -->\r\n<div id=\"editordiv\">\r\nThis is inline equation $\\sqrt[v]{wefd}$\r\n</div>\r\n\r\n\r\n<div style=\"position: absolute; width: 0px; height: 0px; overflow: hidden; padding: 0px; border: 0px; margin: 0px;\"><div id=\"MathJax_Font_Test\" style=\"position: absolute; visibility: hidden; top: 0px; left: 0px; width: auto; padding: 0px; border: 0px; margin: 0px; white-space: nowrap; text-align: left; text-indent: 0px; text-transform: none; line-height: normal; letter-spacing: normal; word-spacing: normal; font-size: 40px; font-weight: normal; font-style: normal; font-family: STIXSizeOneSym, sans-serif;\"></div></div>',0,'2015-06-13 17:19:08','2015-06-13 17:19:08',0,1,NULL),(61,1,1,1,1,'2. This is title','<div style=\"visibility: hidden; overflow: hidden; position: absolute; top: 0px; height: 1px; width: auto; padding: 0px; border: 0px; margin: 0px; text-align: left; text-indent: 0px; text-transform: none; line-height: normal; letter-spacing: normal; word-spacing: normal;\"><div id=\"MathJax_Hidden\"></div></div><div id=\"MathJax_Message\" style=\"display: none;\"></div>\r\n\r\n<!-- copy paste always happens inside body. new element added is same as the next or the previous element.\r\nit also retains styling, need to think of a way in which styling can be removing while copy pasting.  -->\r\n<div id=\"editordiv\">\r\nThis is inline equation $\\sqrt[v]{wefd}$\r\n</div>\r\n\r\n\r\n<div style=\"position: absolute; width: 0px; height: 0px; overflow: hidden; padding: 0px; border: 0px; margin: 0px;\"><div id=\"MathJax_Font_Test\" style=\"position: absolute; visibility: hidden; top: 0px; left: 0px; width: auto; padding: 0px; border: 0px; margin: 0px; white-space: nowrap; text-align: left; text-indent: 0px; text-transform: none; line-height: normal; letter-spacing: normal; word-spacing: normal; font-size: 40px; font-weight: normal; font-style: normal; font-family: STIXSizeOneSym, sans-serif;\"></div></div>',0,'2015-06-16 16:05:30','2015-06-16 16:05:30',0,1,NULL),(63,1,1,1,1,'9847598345 This is title','<div style=\"visibility: hidden; overflow: hidden; position: absolute; top: 0px; height: 1px; width: auto; padding: 0px; border: 0px; margin: 0px; text-align: left; text-indent: 0px; text-transform: none; line-height: normal; letter-spacing: normal; word-spacing: normal;\"><div id=\"MathJax_Hidden\"></div></div><div id=\"MathJax_Message\" style=\"display: none;\"></div>\r\n\r\n<!-- copy paste always happens inside body. new element added is same as the next or the previous element.\r\nit also retains styling, need to think of a way in which styling can be removing while copy pasting.  -->\r\n<div id=\"editordiv\">\r\nThis is inline equation $\\sqrt[v]{wefd}$\r\n</div>\r\n\r\n\r\n<div style=\"position: absolute; width: 0px; height: 0px; overflow: hidden; padding: 0px; border: 0px; margin: 0px;\"><div id=\"MathJax_Font_Test\" style=\"position: absolute; visibility: hidden; top: 0px; left: 0px; width: auto; padding: 0px; border: 0px; margin: 0px; white-space: nowrap; text-align: left; text-indent: 0px; text-transform: none; line-height: normal; letter-spacing: normal; word-spacing: normal; font-size: 40px; font-weight: normal; font-style: normal; font-family: STIXSizeOneSym, sans-serif;\"></div></div>',0,'2015-06-16 16:08:37','2015-06-16 16:08:37',0,1,NULL),(65,1,1,1,1,'984798345 This is title','<div style=\"visibility: hidden; overflow: hidden; position: absolute; top: 0px; height: 1px; width: auto; padding: 0px; border: 0px; margin: 0px; text-align: left; text-indent: 0px; text-transform: none; line-height: normal; letter-spacing: normal; word-spacing: normal;\"><div id=\"MathJax_Hidden\"></div></div><div id=\"MathJax_Message\" style=\"display: none;\"></div>\r\n\r\n<!-- copy paste always happens inside body. new element added is same as the next or the previous element.\r\nit also retains styling, need to think of a way in which styling can be removing while copy pasting.  -->\r\n<div id=\"editordiv\">\r\nThis is inline equation $\\sqrt[v]{wefd}$\r\n</div>\r\n\r\n\r\n<div style=\"position: absolute; width: 0px; height: 0px; overflow: hidden; padding: 0px; border: 0px; margin: 0px;\"><div id=\"MathJax_Font_Test\" style=\"position: absolute; visibility: hidden; top: 0px; left: 0px; width: auto; padding: 0px; border: 0px; margin: 0px; white-space: nowrap; text-align: left; text-indent: 0px; text-transform: none; line-height: normal; letter-spacing: normal; word-spacing: normal; font-size: 40px; font-weight: normal; font-style: normal; font-family: STIXSizeOneSym, sans-serif;\"></div></div>',0,'2015-06-16 16:11:12','2015-06-16 16:11:12',0,1,NULL),(66,1,1,1,1,'9872398547 This is title','<div style=\"visibility: hidden; overflow: hidden; position: absolute; top: 0px; height: 1px; width: auto; padding: 0px; border: 0px; margin: 0px; text-align: left; text-indent: 0px; text-transform: none; line-height: normal; letter-spacing: normal; word-spacing: normal;\"><div id=\"MathJax_Hidden\"></div></div><div id=\"MathJax_Message\" style=\"display: none;\"></div>\r\n\r\n<!-- copy paste always happens inside body. new element added is same as the next or the previous element.\r\nit also retains styling, need to think of a way in which styling can be removing while copy pasting.  -->\r\n<div id=\"editordiv\">\r\nThis is inline equation $\\sqrt[v]{wefd}$\r\n</div>\r\n\r\n\r\n<div style=\"position: absolute; width: 0px; height: 0px; overflow: hidden; padding: 0px; border: 0px; margin: 0px;\"><div id=\"MathJax_Font_Test\" style=\"position: absolute; visibility: hidden; top: 0px; left: 0px; width: auto; padding: 0px; border: 0px; margin: 0px; white-space: nowrap; text-align: left; text-indent: 0px; text-transform: none; line-height: normal; letter-spacing: normal; word-spacing: normal; font-size: 40px; font-weight: normal; font-style: normal; font-family: STIXSizeOneSym, sans-serif;\"></div></div>',0,'2015-06-16 16:12:02','2015-06-16 16:12:02',0,1,NULL),(67,1,1,1,1,'ascdac This is title','<div style=\"visibility: hidden; overflow: hidden; position: absolute; top: 0px; height: 1px; width: auto; padding: 0px; border: 0px; margin: 0px; text-align: left; text-indent: 0px; text-transform: none; line-height: normal; letter-spacing: normal; word-spacing: normal;\"><div id=\"MathJax_Hidden\"></div></div><div id=\"MathJax_Message\" style=\"display: none;\"></div>\r\n\r\n<!-- copy paste always happens inside body. new element added is same as the next or the previous element.\r\nit also retains styling, need to think of a way in which styling can be removing while copy pasting.  -->\r\n<div id=\"editordiv\">\r\nThis is inline equation $\\sqrt[v]{wefd}$\r\n</div>\r\n\r\n\r\n<div style=\"position: absolute; width: 0px; height: 0px; overflow: hidden; padding: 0px; border: 0px; margin: 0px;\"><div id=\"MathJax_Font_Test\" style=\"position: absolute; visibility: hidden; top: 0px; left: 0px; width: auto; padding: 0px; border: 0px; margin: 0px; white-space: nowrap; text-align: left; text-indent: 0px; text-transform: none; line-height: normal; letter-spacing: normal; word-spacing: normal; font-size: 40px; font-weight: normal; font-style: normal; font-family: STIXSizeOneSym, sans-serif;\"></div></div>',0,'2015-06-16 16:15:56','2015-06-16 16:15:56',0,1,NULL),(68,1,1,1,1,'mnjkh This is title','<div style=\"visibility: hidden; overflow: hidden; position: absolute; top: 0px; height: 1px; width: auto; padding: 0px; border: 0px; margin: 0px; text-align: left; text-indent: 0px; text-transform: none; line-height: normal; letter-spacing: normal; word-spacing: normal;\"><div id=\"MathJax_Hidden\"></div></div><div id=\"MathJax_Message\" style=\"display: none;\"></div>\r\n\r\n<!-- copy paste always happens inside body. new element added is same as the next or the previous element.\r\nit also retains styling, need to think of a way in which styling can be removing while copy pasting.  -->\r\n<div id=\"editordiv\">\r\nThis is inline equation $\\sqrt[v]{wefd}$\r\n</div>\r\n\r\n\r\n<div style=\"position: absolute; width: 0px; height: 0px; overflow: hidden; padding: 0px; border: 0px; margin: 0px;\"><div id=\"MathJax_Font_Test\" style=\"position: absolute; visibility: hidden; top: 0px; left: 0px; width: auto; padding: 0px; border: 0px; margin: 0px; white-space: nowrap; text-align: left; text-indent: 0px; text-transform: none; line-height: normal; letter-spacing: normal; word-spacing: normal; font-size: 40px; font-weight: normal; font-style: normal; font-family: STIXSizeOneSym, sans-serif;\"></div></div>',0,'2015-06-16 16:46:28','2015-06-16 16:46:28',0,1,NULL),(69,1,1,1,1,'iuThis is title','<div style=\"visibility: hidden; overflow: hidden; position: absolute; top: 0px; height: 1px; width: auto; padding: 0px; border: 0px; margin: 0px; text-align: left; text-indent: 0px; text-transform: none; line-height: normal; letter-spacing: normal; word-spacing: normal;\"><div id=\"MathJax_Hidden\"></div></div><div id=\"MathJax_Message\" style=\"display: none;\"></div>\r\n\r\n<!-- copy paste always happens inside body. new element added is same as the next or the previous element.\r\nit also retains styling, need to think of a way in which styling can be removing while copy pasting.  -->\r\n<div id=\"editordiv\">\r\nThis is inline equation $\\sqrt[v]{wefd}$\r\n</div>\r\n\r\n\r\n<div style=\"position: absolute; width: 0px; height: 0px; overflow: hidden; padding: 0px; border: 0px; margin: 0px;\"><div id=\"MathJax_Font_Test\" style=\"position: absolute; visibility: hidden; top: 0px; left: 0px; width: auto; padding: 0px; border: 0px; margin: 0px; white-space: nowrap; text-align: left; text-indent: 0px; text-transform: none; line-height: normal; letter-spacing: normal; word-spacing: normal; font-size: 40px; font-weight: normal; font-style: normal; font-family: STIXSizeOneSym, sans-serif;\"></div></div>',0,'2015-06-16 19:17:20','2015-06-16 19:17:20',0,1,NULL),(70,1,1,1,1,'lkojThis is title','<div style=\"visibility: hidden; overflow: hidden; position: absolute; top: 0px; height: 1px; width: auto; padding: 0px; border: 0px; margin: 0px; text-align: left; text-indent: 0px; text-transform: none; line-height: normal; letter-spacing: normal; word-spacing: normal;\"><div id=\"MathJax_Hidden\"></div></div><div id=\"MathJax_Message\" style=\"display: none;\"></div>\r\n\r\n<!-- copy paste always happens inside body. new element added is same as the next or the previous element.\r\nit also retains styling, need to think of a way in which styling can be removing while copy pasting.  -->\r\n<div id=\"editordiv\">\r\nThis is inline equation $\\sqrt[v]{wefd}$\r\n</div>\r\n\r\n\r\n<div style=\"position: absolute; width: 0px; height: 0px; overflow: hidden; padding: 0px; border: 0px; margin: 0px;\"><div id=\"MathJax_Font_Test\" style=\"position: absolute; visibility: hidden; top: 0px; left: 0px; width: auto; padding: 0px; border: 0px; margin: 0px; white-space: nowrap; text-align: left; text-indent: 0px; text-transform: none; line-height: normal; letter-spacing: normal; word-spacing: normal; font-size: 40px; font-weight: normal; font-style: normal; font-family: STIXSizeOneSym, sans-serif;\"></div></div>',0,'2015-06-16 19:18:54','2015-06-16 19:18:54',0,1,NULL),(71,1,1,1,1,'alkkjh This is title','<div style=\"visibility: hidden; overflow: hidden; position: absolute; top: 0px; height: 1px; width: auto; padding: 0px; border: 0px; margin: 0px; text-align: left; text-indent: 0px; text-transform: none; line-height: normal; letter-spacing: normal; word-spacing: normal;\"><div id=\"MathJax_Hidden\"></div></div><div id=\"MathJax_Message\" style=\"display: none;\"></div>\r\n\r\n<!-- copy paste always happens inside body. new element added is same as the next or the previous element.\r\nit also retains styling, need to think of a way in which styling can be removing while copy pasting.  -->\r\n<div id=\"editordiv\">\r\nThis is inline equation $\\sqrt[v]{wefd}$\r\n</div>\r\n\r\n\r\n<div style=\"position: absolute; width: 0px; height: 0px; overflow: hidden; padding: 0px; border: 0px; margin: 0px;\"><div id=\"MathJax_Font_Test\" style=\"position: absolute; visibility: hidden; top: 0px; left: 0px; width: auto; padding: 0px; border: 0px; margin: 0px; white-space: nowrap; text-align: left; text-indent: 0px; text-transform: none; line-height: normal; letter-spacing: normal; word-spacing: normal; font-size: 40px; font-weight: normal; font-style: normal; font-family: STIXSizeOneSym, sans-serif;\"></div></div>',0,'2015-06-16 19:24:46','2015-06-16 19:24:46',0,1,NULL),(72,1,1,1,1,'This is title jasdkashda','<div style=\"visibility: hidden; overflow: hidden; position: absolute; top: 0px; height: 1px; width: auto; padding: 0px; border: 0px; margin: 0px; text-align: left; text-indent: 0px; text-transform: none; line-height: normal; letter-spacing: normal; word-spacing: normal;\"><div id=\"MathJax_Hidden\"></div></div><div id=\"MathJax_Message\" style=\"display: none;\"></div>\r\n\r\n<!-- copy paste always happens inside body. new element added is same as the next or the previous element.\r\nit also retains styling, need to think of a way in which styling can be removing while copy pasting.  -->\r\n<div id=\"editordiv\">\r\nThis is inline equation $\\sqrt[v]{wefd}$\r\n</div>\r\n\r\n\r\n<div style=\"position: absolute; width: 0px; height: 0px; overflow: hidden; padding: 0px; border: 0px; margin: 0px;\"><div id=\"MathJax_Font_Test\" style=\"position: absolute; visibility: hidden; top: 0px; left: 0px; width: auto; padding: 0px; border: 0px; margin: 0px; white-space: nowrap; text-align: left; text-indent: 0px; text-transform: none; line-height: normal; letter-spacing: normal; word-spacing: normal; font-size: 40px; font-weight: normal; font-style: normal; font-family: STIXSizeOneSym, sans-serif;\"></div></div>',0,'2015-06-16 19:27:23','2015-06-16 19:27:23',0,1,NULL),(73,1,1,1,1,'This is title jasdkashdad','<div style=\"visibility: hidden; overflow: hidden; position: absolute; top: 0px; height: 1px; width: auto; padding: 0px; border: 0px; margin: 0px; text-align: left; text-indent: 0px; text-transform: none; line-height: normal; letter-spacing: normal; word-spacing: normal;\"><div id=\"MathJax_Hidden\"></div></div><div id=\"MathJax_Message\" style=\"display: none;\"></div>\r\n\r\n<!-- copy paste always happens inside body. new element added is same as the next or the previous element.\r\nit also retains styling, need to think of a way in which styling can be removing while copy pasting.  -->\r\n<div id=\"editordiv\">\r\nThis is inline equation $\\sqrt[v]{wefd}$\r\n</div>\r\n\r\n\r\n<div style=\"position: absolute; width: 0px; height: 0px; overflow: hidden; padding: 0px; border: 0px; margin: 0px;\"><div id=\"MathJax_Font_Test\" style=\"position: absolute; visibility: hidden; top: 0px; left: 0px; width: auto; padding: 0px; border: 0px; margin: 0px; white-space: nowrap; text-align: left; text-indent: 0px; text-transform: none; line-height: normal; letter-spacing: normal; word-spacing: normal; font-size: 40px; font-weight: normal; font-style: normal; font-family: STIXSizeOneSym, sans-serif;\"></div></div>',0,'2015-06-16 19:34:01','2015-06-16 19:34:01',0,1,NULL),(74,1,1,1,1,'This is titlelkjlj','<div style=\"visibility: hidden; overflow: hidden; position: absolute; top: 0px; height: 1px; width: auto; padding: 0px; border: 0px; margin: 0px; text-align: left; text-indent: 0px; text-transform: none; line-height: normal; letter-spacing: normal; word-spacing: normal;\"><div id=\"MathJax_Hidden\"></div></div><div id=\"MathJax_Message\" style=\"display: none;\"></div>\r\n\r\n<!-- copy paste always happens inside body. new element added is same as the next or the previous element.\r\nit also retains styling, need to think of a way in which styling can be removing while copy pasting.  -->\r\n<div id=\"editordiv\">\r\nThis is inline equation $\\sqrt[v]{wefd}$\r\n</div>\r\n\r\n\r\n<div style=\"position: absolute; width: 0px; height: 0px; overflow: hidden; padding: 0px; border: 0px; margin: 0px;\"><div id=\"MathJax_Font_Test\" style=\"position: absolute; visibility: hidden; top: 0px; left: 0px; width: auto; padding: 0px; border: 0px; margin: 0px; white-space: nowrap; text-align: left; text-indent: 0px; text-transform: none; line-height: normal; letter-spacing: normal; word-spacing: normal; font-size: 40px; font-weight: normal; font-style: normal; font-family: STIXSizeOneSym, sans-serif;\"></div></div>',0,'2015-06-16 19:47:22','2015-06-16 19:47:22',0,1,NULL),(75,1,1,1,1,'This is titlesacqDAS','<div style=\"visibility: hidden; overflow: hidden; position: absolute; top: 0px; height: 1px; width: auto; padding: 0px; border: 0px; margin: 0px; text-align: left; text-indent: 0px; text-transform: none; line-height: normal; letter-spacing: normal; word-spacing: normal;\"><div id=\"MathJax_Hidden\"></div></div><div id=\"MathJax_Message\" style=\"display: none;\"></div>\r\n\r\n<!-- copy paste always happens inside body. new element added is same as the next or the previous element.\r\nit also retains styling, need to think of a way in which styling can be removing while copy pasting.  -->\r\n<div id=\"editordiv\">\r\nThis is inline equation $\\sqrt[v]{wefd}$\r\n</div>\r\n\r\n\r\n<div style=\"position: absolute; width: 0px; height: 0px; overflow: hidden; padding: 0px; border: 0px; margin: 0px;\"><div id=\"MathJax_Font_Test\" style=\"position: absolute; visibility: hidden; top: 0px; left: 0px; width: auto; padding: 0px; border: 0px; margin: 0px; white-space: nowrap; text-align: left; text-indent: 0px; text-transform: none; line-height: normal; letter-spacing: normal; word-spacing: normal; font-size: 40px; font-weight: normal; font-style: normal; font-family: STIXSizeOneSym, sans-serif;\"></div></div>',0,'2015-06-16 19:57:51','2015-06-16 19:57:51',0,1,NULL),(76,1,1,1,1,'This xSXis title','<div style=\"visibility: hidden; overflow: hidden; position: absolute; top: 0px; height: 1px; width: auto; padding: 0px; border: 0px; margin: 0px; text-align: left; text-indent: 0px; text-transform: none; line-height: normal; letter-spacing: normal; word-spacing: normal;\"><div id=\"MathJax_Hidden\"></div></div><div id=\"MathJax_Message\" style=\"display: none;\"></div>\r\n\r\n<!-- copy paste always happens inside body. new element added is same as the next or the previous element.\r\nit also retains styling, need to think of a way in which styling can be removing while copy pasting.  -->\r\n<div id=\"editordiv\">\r\nThis is inline equation $\\sqrt[v]{wefd}$\r\n</div>\r\n\r\n\r\n<div style=\"position: absolute; width: 0px; height: 0px; overflow: hidden; padding: 0px; border: 0px; margin: 0px;\"><div id=\"MathJax_Font_Test\" style=\"position: absolute; visibility: hidden; top: 0px; left: 0px; width: auto; padding: 0px; border: 0px; margin: 0px; white-space: nowrap; text-align: left; text-indent: 0px; text-transform: none; line-height: normal; letter-spacing: normal; word-spacing: normal; font-size: 40px; font-weight: normal; font-style: normal; font-family: STIXSizeOneSym, sans-serif;\"></div></div>',0,'2015-06-16 20:16:49','2015-06-16 20:16:49',0,1,NULL),(78,1,1,1,1,'This is titleWDWSDW','<div style=\"visibility: hidden; overflow: hidden; position: absolute; top: 0px; height: 1px; width: auto; padding: 0px; border: 0px; margin: 0px; text-align: left; text-indent: 0px; text-transform: none; line-height: normal; letter-spacing: normal; word-spacing: normal;\"><div id=\"MathJax_Hidden\"></div></div><div id=\"MathJax_Message\" style=\"display: none;\"></div>\r\n\r\n<!-- copy paste always happens inside body. new element added is same as the next or the previous element.\r\nit also retains styling, need to think of a way in which styling can be removing while copy pasting.  -->\r\n<div id=\"editordiv\">\r\nThis is inline equation $\\sqrt[v]{wefd}$\r\n</div>\r\n\r\n\r\n<div style=\"position: absolute; width: 0px; height: 0px; overflow: hidden; padding: 0px; border: 0px; margin: 0px;\"><div id=\"MathJax_Font_Test\" style=\"position: absolute; visibility: hidden; top: 0px; left: 0px; width: auto; padding: 0px; border: 0px; margin: 0px; white-space: nowrap; text-align: left; text-indent: 0px; text-transform: none; line-height: normal; letter-spacing: normal; word-spacing: normal; font-size: 40px; font-weight: normal; font-style: normal; font-family: STIXSizeOneSym, sans-serif;\"></div></div>',0,'2015-06-16 20:18:55','2015-06-16 20:18:55',0,1,NULL),(79,1,1,1,1,'This is titleWDWXASSDW','<div style=\"visibility: hidden; overflow: hidden; position: absolute; top: 0px; height: 1px; width: auto; padding: 0px; border: 0px; margin: 0px; text-align: left; text-indent: 0px; text-transform: none; line-height: normal; letter-spacing: normal; word-spacing: normal;\"><div id=\"MathJax_Hidden\"></div></div><div id=\"MathJax_Message\" style=\"display: none;\"></div>\r\n\r\n<!-- copy paste always happens inside body. new element added is same as the next or the previous element.\r\nit also retains styling, need to think of a way in which styling can be removing while copy pasting.  -->\r\n<div id=\"editordiv\">\r\nThis is inline equation $\\sqrt[v]{wefd}$\r\n</div>\r\n\r\n\r\n<div style=\"position: absolute; width: 0px; height: 0px; overflow: hidden; padding: 0px; border: 0px; margin: 0px;\"><div id=\"MathJax_Font_Test\" style=\"position: absolute; visibility: hidden; top: 0px; left: 0px; width: auto; padding: 0px; border: 0px; margin: 0px; white-space: nowrap; text-align: left; text-indent: 0px; text-transform: none; line-height: normal; letter-spacing: normal; word-spacing: normal; font-size: 40px; font-weight: normal; font-style: normal; font-family: STIXSizeOneSym, sans-serif;\"></div></div>',0,'2015-06-16 20:19:18','2015-06-16 20:19:18',0,1,NULL),(80,1,1,1,1,'7678 This is title','<div style=\"visibility: hidden; overflow: hidden; position: absolute; top: 0px; height: 1px; width: auto; padding: 0px; border: 0px; margin: 0px; text-align: left; text-indent: 0px; text-transform: none; line-height: normal; letter-spacing: normal; word-spacing: normal;\"><div id=\"MathJax_Hidden\"></div></div><div id=\"MathJax_Message\" style=\"display: none;\"></div>\r\n\r\n<!-- copy paste always happens inside body. new element added is same as the next or the previous element.\r\nit also retains styling, need to think of a way in which styling can be removing while copy pasting.  -->\r\n<div id=\"editordiv\">\r\nThis is inline equation $\\sqrt[v]{wefd}$\r\n</div>\r\n\r\n\r\n<div style=\"position: absolute; width: 0px; height: 0px; overflow: hidden; padding: 0px; border: 0px; margin: 0px;\"><div id=\"MathJax_Font_Test\" style=\"position: absolute; visibility: hidden; top: 0px; left: 0px; width: auto; padding: 0px; border: 0px; margin: 0px; white-space: nowrap; text-align: left; text-indent: 0px; text-transform: none; line-height: normal; letter-spacing: normal; word-spacing: normal; font-size: 40px; font-weight: normal; font-style: normal; font-family: STIXSizeOneSym, sans-serif;\"></div></div><div> $\\sqrt[2]{3}$  $\\sqrt[2]{3}$  $\\sqrt[2]{3}$  $\\sqrt[2]{3}$ </div>',6,'2015-06-19 18:46:38','2015-06-19 18:46:38',0,1,NULL),(82,1,1,1,1,'897987 This is title','<div style=\"visibility: hidden; overflow: hidden; position: absolute; top: 0px; height: 1px; width: auto; padding: 0px; border: 0px; margin: 0px; text-align: left; text-indent: 0px; text-transform: none; line-height: normal; letter-spacing: normal; word-spacing: normal;\"><div id=\"MathJax_Hidden\"></div></div><div id=\"MathJax_Message\" style=\"display: none;\"></div>\r\n\r\n<!-- copy paste always happens inside body. new element added is same as the next or the previous element.\r\nit also retains styling, need to think of a way in which styling can be removing while copy pasting.  -->\r\n<div id=\"editordiv\">\r\nThis is inline equation $\\sqrt[v]{wefd}$\r\n</div>\r\n\r\n\r\n<div style=\"position: absolute; width: 0px; height: 0px; overflow: hidden; padding: 0px; border: 0px; margin: 0px;\"><div id=\"MathJax_Font_Test\" style=\"position: absolute; visibility: hidden; top: 0px; left: 0px; width: auto; padding: 0px; border: 0px; margin: 0px; white-space: nowrap; text-align: left; text-indent: 0px; text-transform: none; line-height: normal; letter-spacing: normal; word-spacing: normal; font-size: 40px; font-weight: normal; font-style: normal; font-family: STIXSizeOneSym, sans-serif;\"></div></div><div> $\\sqrt[2]{3}$  $\\sqrt[2]{3}$  $\\sqrt[2]{3}$  $\\sqrt[2]{3}$ </div>',0,'2015-06-19 18:47:57','2015-06-19 18:47:57',0,1,NULL),(83,1,1,1,1,'89x7987 This is title','<div style=\"visibility: hidden; overflow: hidden; position: absolute; top: 0px; height: 1px; width: auto; padding: 0px; border: 0px; margin: 0px; text-align: left; text-indent: 0px; text-transform: none; line-height: normal; letter-spacing: normal; word-spacing: normal;\"><div id=\"MathJax_Hidden\"></div></div><div id=\"MathJax_Message\" style=\"display: none;\"></div>\r\n\r\n<!-- copy paste always happens inside body. new element added is same as the next or the previous element.\r\nit also retains styling, need to think of a way in which styling can be removing while copy pasting.  -->\r\n<div id=\"editordiv\">\r\nThis is inline equation $\\sqrt[v]{wefd}$\r\n</div>\r\n\r\n\r\n<div style=\"position: absolute; width: 0px; height: 0px; overflow: hidden; padding: 0px; border: 0px; margin: 0px;\"><div id=\"MathJax_Font_Test\" style=\"position: absolute; visibility: hidden; top: 0px; left: 0px; width: auto; padding: 0px; border: 0px; margin: 0px; white-space: nowrap; text-align: left; text-indent: 0px; text-transform: none; line-height: normal; letter-spacing: normal; word-spacing: normal; font-size: 40px; font-weight: normal; font-style: normal; font-family: STIXSizeOneSym, sans-serif;\"></div></div><div> $\\sqrt[2]{3}$  $\\sqrt[2]{3}$  $\\sqrt[2]{3}$  $\\sqrt[2]{3}$ </div>',0,'2015-06-19 18:48:37','2015-06-19 18:48:37',0,1,NULL),(84,1,1,1,1,'isdhhsvh This is title','<div style=\"visibility: hidden; overflow: hidden; position: absolute; top: 0px; height: 1px; width: auto; padding: 0px; border: 0px; margin: 0px; text-align: left; text-indent: 0px; text-transform: none; line-height: normal; letter-spacing: normal; word-spacing: normal;\"><div id=\"MathJax_Hidden\"></div></div><div id=\"MathJax_Message\" style=\"display: none;\"></div>\r\n\r\n<!-- copy paste always happens inside body. new element added is same as the next or the previous element.\r\nit also retains styling, need to think of a way in which styling can be removing while copy pasting.  -->\r\n<div id=\"editordiv\">\r\nThis is inline equation $\\sqrt[v]{wefd}$\r\n</div>\r\n\r\n\r\n<div style=\"position: absolute; width: 0px; height: 0px; overflow: hidden; padding: 0px; border: 0px; margin: 0px;\"><div id=\"MathJax_Font_Test\" style=\"position: absolute; visibility: hidden; top: 0px; left: 0px; width: auto; padding: 0px; border: 0px; margin: 0px; white-space: nowrap; text-align: left; text-indent: 0px; text-transform: none; line-height: normal; letter-spacing: normal; word-spacing: normal; font-size: 40px; font-weight: normal; font-style: normal; font-family: STIXSizeOneSym, sans-serif;\"></div></div>',0,'2015-06-19 18:49:21','2015-06-19 18:49:21',0,1,NULL),(85,1,1,1,1,'alpha This is title','<div style=\"visibility: hidden; overflow: hidden; position: absolute; top: 0px; height: 1px; width: auto; padding: 0px; border: 0px; margin: 0px; text-align: left; text-indent: 0px; text-transform: none; line-height: normal; letter-spacing: normal; word-spacing: normal;\"><div id=\"MathJax_Hidden\"></div></div><div id=\"MathJax_Message\" style=\"display: none;\"></div>\r\n\r\n<!-- copy paste always happens inside body. new element added is same as the next or the previous element.\r\nit also retains styling, need to think of a way in which styling can be removing while copy pasting.  -->\r\n<div id=\"editordiv\">\r\nThis is inline equation $\\sqrt[v]{wefd}$\r\n</div>\r\n\r\n\r\n<div style=\"position: absolute; width: 0px; height: 0px; overflow: hidden; padding: 0px; border: 0px; margin: 0px;\"><div id=\"MathJax_Font_Test\" style=\"position: absolute; visibility: hidden; top: 0px; left: 0px; width: auto; padding: 0px; border: 0px; margin: 0px; white-space: nowrap; text-align: left; text-indent: 0px; text-transform: none; line-height: normal; letter-spacing: normal; word-spacing: normal; font-size: 40px; font-weight: normal; font-style: normal; font-family: STIXSizeOneSym, sans-serif;\"></div></div>',0,'2015-06-20 21:54:36','2015-06-20 21:54:36',0,1,NULL),(86,1,1,1,1,'beta This is title','<div style=\"visibility: hidden; overflow: hidden; position: absolute; top: 0px; height: 1px; width: auto; padding: 0px; border: 0px; margin: 0px; text-align: left; text-indent: 0px; text-transform: none; line-height: normal; letter-spacing: normal; word-spacing: normal;\"><div id=\"MathJax_Hidden\"></div></div><div id=\"MathJax_Message\" style=\"display: none;\"></div>\r\n\r\n<!-- copy paste always happens inside body. new element added is same as the next or the previous element.\r\nit also retains styling, need to think of a way in which styling can be removing while copy pasting.  -->\r\n<div id=\"editordiv\">\r\nThis is inline equation $\\sqrt[v]{wefd}$\r\n</div>\r\n\r\n\r\n<div style=\"position: absolute; width: 0px; height: 0px; overflow: hidden; padding: 0px; border: 0px; margin: 0px;\"><div id=\"MathJax_Font_Test\" style=\"position: absolute; visibility: hidden; top: 0px; left: 0px; width: auto; padding: 0px; border: 0px; margin: 0px; white-space: nowrap; text-align: left; text-indent: 0px; text-transform: none; line-height: normal; letter-spacing: normal; word-spacing: normal; font-size: 40px; font-weight: normal; font-style: normal; font-family: STIXSizeOneSym, sans-serif;\"></div></div>',0,'2015-06-20 22:00:49','2015-06-20 22:00:49',0,1,NULL),(87,1,1,1,1,'gamma  This is title','<div style=\"visibility: hidden; overflow: hidden; position: absolute; top: 0px; height: 1px; width: auto; padding: 0px; border: 0px; margin: 0px; text-align: left; text-indent: 0px; text-transform: none; line-height: normal; letter-spacing: normal; word-spacing: normal;\"><div id=\"MathJax_Hidden\"></div></div><div id=\"MathJax_Message\" style=\"display: none;\"></div>\r\n\r\n<!-- copy paste always happens inside body. new element added is same as the next or the previous element.\r\nit also retains styling, need to think of a way in which styling can be removing while copy pasting.  -->\r\n<div id=\"editordiv\">\r\nThis is inline equation $\\sqrt[v]{wefd}$\r\n</div>\r\n\r\n\r\n<div style=\"position: absolute; width: 0px; height: 0px; overflow: hidden; padding: 0px; border: 0px; margin: 0px;\"><div id=\"MathJax_Font_Test\" style=\"position: absolute; visibility: hidden; top: 0px; left: 0px; width: auto; padding: 0px; border: 0px; margin: 0px; white-space: nowrap; text-align: left; text-indent: 0px; text-transform: none; line-height: normal; letter-spacing: normal; word-spacing: normal; font-size: 40px; font-weight: normal; font-style: normal; font-family: STIXSizeOneSym, sans-serif;\"></div></div>',0,'2015-06-20 22:06:53','2015-06-20 22:06:53',0,1,NULL),(88,1,1,1,1,'theta This is title','<div style=\"visibility: hidden; overflow: hidden; position: absolute; top: 0px; height: 1px; width: auto; padding: 0px; border: 0px; margin: 0px; text-align: left; text-indent: 0px; text-transform: none; line-height: normal; letter-spacing: normal; word-spacing: normal;\"><div id=\"MathJax_Hidden\"></div></div><div id=\"MathJax_Message\" style=\"display: none;\"></div>\r\n\r\n<!-- copy paste always happens inside body. new element added is same as the next or the previous element.\r\nit also retains styling, need to think of a way in which styling can be removing while copy pasting.  -->\r\n<div id=\"editordiv\">\r\nThis is inline equation $\\sqrt[v]{wefd}$\r\n</div>\r\n\r\n\r\n<div style=\"position: absolute; width: 0px; height: 0px; overflow: hidden; padding: 0px; border: 0px; margin: 0px;\"><div id=\"MathJax_Font_Test\" style=\"position: absolute; visibility: hidden; top: 0px; left: 0px; width: auto; padding: 0px; border: 0px; margin: 0px; white-space: nowrap; text-align: left; text-indent: 0px; text-transform: none; line-height: normal; letter-spacing: normal; word-spacing: normal; font-size: 40px; font-weight: normal; font-style: normal; font-family: STIXSizeOneSym, sans-serif;\"></div></div>',0,'2015-06-20 22:52:37','2015-06-20 22:52:37',0,1,NULL),(89,1,1,1,1,'Hexa This is title','<div style=\"visibility: hidden; overflow: hidden; position: absolute; top: 0px; height: 1px; width: auto; padding: 0px; border: 0px; margin: 0px; text-align: left; text-indent: 0px; text-transform: none; line-height: normal; letter-spacing: normal; word-spacing: normal;\"><div id=\"MathJax_Hidden\"></div></div><div id=\"MathJax_Message\" style=\"display: none;\"></div>\r\n\r\n<!-- copy paste always happens inside body. new element added is same as the next or the previous element.\r\nit also retains styling, need to think of a way in which styling can be removing while copy pasting.  -->\r\n<div id=\"editordiv\">\r\nThis is inline equation $\\sqrt[v]{wefd}$\r\n</div>\r\n\r\n\r\n<div style=\"position: absolute; width: 0px; height: 0px; overflow: hidden; padding: 0px; border: 0px; margin: 0px;\"><div id=\"MathJax_Font_Test\" style=\"position: absolute; visibility: hidden; top: 0px; left: 0px; width: auto; padding: 0px; border: 0px; margin: 0px; white-space: nowrap; text-align: left; text-indent: 0px; text-transform: none; line-height: normal; letter-spacing: normal; word-spacing: normal; font-size: 40px; font-weight: normal; font-style: normal; font-family: STIXSizeOneSym, sans-serif;\"></div></div>',0,'2015-06-20 22:54:08','2015-06-20 22:54:08',0,1,NULL),(92,1,1,1,1,'This is title - ee','',0,'2015-07-02 12:05:00','2015-07-02 12:05:00',0,1,NULL),(93,1,1,1,1,'This is title - ii ','',0,'2015-07-02 12:06:55','2015-07-02 12:06:55',0,1,NULL),(94,1,1,1,1,'This is title - pp','',0,'2015-07-02 12:35:39','2015-07-02 12:35:39',0,1,NULL),(95,1,1,1,1,'This is title -- ll','',0,'2015-07-02 12:38:44','2015-07-02 12:38:44',0,1,NULL),(96,1,1,1,1,'This is title - kk','<div style=\"visibility: hidden; overflow: hidden; position: absolute; top: 0px; height: 1px; width: auto; padding: 0px; border: 0px; margin: 0px; text-align: left; text-indent: 0px; text-transform: none; line-height: normal; letter-spacing: normal; word-spacing: normal;\"><div id=\"MathJax_Hidden\"></div></div><div id=\"MathJax_Message\" style=\"display: none;\"></div>\r\n\r\n<!-- copy paste always happens inside body. new element added is same as the next or the previous element.\r\nit also retains styling, need to think of a way in which styling can be removing while copy pasting.  -->\r\n<div id=\"editordiv\">\r\nThis is inline equation $\\sqrt[v]{wefd}$\r\n</div>\r\n\r\n\r\n<div style=\"position: absolute; width: 0px; height: 0px; overflow: hidden; padding: 0px; border: 0px; margin: 0px;\"><div id=\"MathJax_Font_Test\" style=\"position: absolute; visibility: hidden; top: 0px; left: 0px; width: auto; padding: 0px; border: 0px; margin: 0px; white-space: nowrap; text-align: left; text-indent: 0px; text-transform: none; line-height: normal; letter-spacing: normal; word-spacing: normal; font-size: 40px; font-weight: normal; font-style: normal; font-family: STIXSizeOneSym, sans-serif;\"></div></div>',2,'2015-07-02 15:20:16','2015-07-02 15:20:16',0,1,NULL),(99,1,1,1,1,'This is title -- llll','<div style=\"visibility: hidden; overflow: hidden; position: absolute; top: 0px; height: 1px; width: auto; padding: 0px; border: 0px; margin: 0px; text-align: left; text-indent: 0px; text-transform: none; line-height: normal; letter-spacing: normal; word-spacing: normal;\"><div id=\"MathJax_Hidden\"></div></div><div id=\"MathJax_Message\" style=\"display: none;\"></div>\r\n\r\n<!-- copy paste always happens inside body. new element added is same as the next or the previous element.\r\nit also retains styling, need to think of a way in which styling can be removing while copy pasting.  -->\r\n<div id=\"editordiv\">\r\nThis is inline equation $\\sqrt[v]{wefd}$\r\n</div>\r\n\r\n\r\n<div style=\"position: absolute; width: 0px; height: 0px; overflow: hidden; padding: 0px; border: 0px; margin: 0px;\"><div id=\"MathJax_Font_Test\" style=\"position: absolute; visibility: hidden; top: 0px; left: 0px; width: auto; padding: 0px; border: 0px; margin: 0px; white-space: nowrap; text-align: left; text-indent: 0px; text-transform: none; line-height: normal; letter-spacing: normal; word-spacing: normal; font-size: 40px; font-weight: normal; font-style: normal; font-family: STIXSizeOneSym, sans-serif;\"></div></div>',0,'2015-07-03 09:28:49','2015-07-03 09:28:49',0,1,NULL),(100,1,1,1,1,'This is title - 0000 ','<div style=\"visibility: hidden; overflow: hidden; position: absolute; top: 0px; height: 1px; width: auto; padding: 0px; border: 0px; margin: 0px; text-align: left; text-indent: 0px; text-transform: none; line-height: normal; letter-spacing: normal; word-spacing: normal;\"><div id=\"MathJax_Hidden\"></div></div><div id=\"MathJax_Message\" style=\"display: none;\"></div>\r\n\r\n<!-- copy paste always happens inside body. new element added is same as the next or the previous element.\r\nit also retains styling, need to think of a way in which styling can be removing while copy pasting.  -->\r\n<div id=\"editordiv\">\r\nThis is inline equation $\\sqrt[v]{wefd}$\r\n</div>\r\n\r\n\r\n<div style=\"position: absolute; width: 0px; height: 0px; overflow: hidden; padding: 0px; border: 0px; margin: 0px;\"><div id=\"MathJax_Font_Test\" style=\"position: absolute; visibility: hidden; top: 0px; left: 0px; width: auto; padding: 0px; border: 0px; margin: 0px; white-space: nowrap; text-align: left; text-indent: 0px; text-transform: none; line-height: normal; letter-spacing: normal; word-spacing: normal; font-size: 40px; font-weight: normal; font-style: normal; font-family: STIXSizeOneSym, sans-serif;\"></div></div><div> $\\sqrt[2]{3}$  $\\sqrt[2]{3}$  $\\sqrt[2]{3}$  $\\sqrt[2]{3}$  $\\sqrt[2]{3}$ </div>',6,'2015-07-03 14:39:38','2015-07-03 14:39:38',0,1,NULL),(101,1,1,1,1,'This is title this is testing','<div style=\"visibility: hidden; overflow: hidden; position: absolute; top: 0px; height: 1px; width: auto; padding: 0px; border: 0px; margin: 0px; text-align: left; text-indent: 0px; text-transform: none; line-height: normal; letter-spacing: normal; word-spacing: normal;\"><div id=\"MathJax_Hidden\"></div></div><div id=\"MathJax_Message\" style=\"display: none;\"></div>\r\n\r\n<!-- copy paste always happens inside body. new element added is same as the next or the previous element.\r\nit also retains styling, need to think of a way in which styling can be removing while copy pasting.  -->\r\n<div id=\"editordiv\">\r\nThis is inline equation $\\sqrt[v]{wefd}$\r\n</div>\r\n\r\n\r\n<div style=\"position: absolute; width: 0px; height: 0px; overflow: hidden; padding: 0px; border: 0px; margin: 0px;\"><div id=\"MathJax_Font_Test\" style=\"position: absolute; visibility: hidden; top: 0px; left: 0px; width: auto; padding: 0px; border: 0px; margin: 0px; white-space: nowrap; text-align: left; text-indent: 0px; text-transform: none; line-height: normal; letter-spacing: normal; word-spacing: normal; font-size: 40px; font-weight: normal; font-style: normal; font-family: MathJax_Main, sans-serif;\"></div></div>',9,'2015-08-25 14:57:28','2015-08-25 14:57:28',0,1,NULL),(103,1,1,1,1,'This is title this is testing1','<div style=\"visibility: hidden; overflow: hidden; position: absolute; top: 0px; height: 1px; width: auto; padding: 0px; border: 0px; margin: 0px; text-align: left; text-indent: 0px; text-transform: none; line-height: normal; letter-spacing: normal; word-spacing: normal;\"><div id=\"MathJax_Hidden\"></div></div><div id=\"MathJax_Message\" style=\"display: none;\"></div>\r\n\r\n<!-- copy paste always happens inside body. new element added is same as the next or the previous element.\r\nit also retains styling, need to think of a way in which styling can be removing while copy pasting.  -->\r\n<div id=\"editordiv\">\r\nThis is inline equation $\\sqrt[v]{wefd}$\r\n</div>\r\n\r\n\r\n<div style=\"position: absolute; width: 0px; height: 0px; overflow: hidden; padding: 0px; border: 0px; margin: 0px;\"><div id=\"MathJax_Font_Test\" style=\"position: absolute; visibility: hidden; top: 0px; left: 0px; width: auto; padding: 0px; border: 0px; margin: 0px; white-space: nowrap; text-align: left; text-indent: 0px; text-transform: none; line-height: normal; letter-spacing: normal; word-spacing: normal; font-size: 40px; font-weight: normal; font-style: normal; font-family: MathJax_Main, sans-serif;\"></div></div>',3,'2015-08-25 15:26:33','2015-08-25 15:26:33',0,1,NULL),(105,1,1,1,1,'This is title this is testing2','<div style=\"visibility: hidden; overflow: hidden; position: absolute; top: 0px; height: 1px; width: auto; padding: 0px; border: 0px; margin: 0px; text-align: left; text-indent: 0px; text-transform: none; line-height: normal; letter-spacing: normal; word-spacing: normal;\"><div id=\"MathJax_Hidden\"></div></div><div id=\"MathJax_Message\" style=\"display: none;\"></div>\r\n\r\n<!-- copy paste always happens inside body. new element added is same as the next or the previous element.\r\nit also retains styling, need to think of a way in which styling can be removing while copy pasting.  -->\r\n<div id=\"editordiv\">\r\nThis is inline equation $\\sqrt[v]{wefd}$\r\n</div>\r\n\r\n\r\n<div style=\"position: absolute; width: 0px; height: 0px; overflow: hidden; padding: 0px; border: 0px; margin: 0px;\"><div id=\"MathJax_Font_Test\" style=\"position: absolute; visibility: hidden; top: 0px; left: 0px; width: auto; padding: 0px; border: 0px; margin: 0px; white-space: nowrap; text-align: left; text-indent: 0px; text-transform: none; line-height: normal; letter-spacing: normal; word-spacing: normal; font-size: 40px; font-weight: normal; font-style: normal; font-family: MathJax_Main, sans-serif;\"></div></div>',1,'2015-08-25 15:35:23','2015-08-25 15:35:23',0,1,NULL);
/*!40000 ALTER TABLE `question` ENABLE KEYS */;
UNLOCK TABLES;

--
-- Table structure for table `questionlevel`
--

DROP TABLE IF EXISTS `questionlevel`;
/*!40101 SET @saved_cs_client     = @@character_set_client */;
/*!40101 SET character_set_client = utf8 */;
CREATE TABLE `questionlevel` (
  `QuestionLevelId` int(10) unsigned NOT NULL,
  `LevelName` varchar(20) NOT NULL,
  `LevelOrder` int(10) unsigned NOT NULL DEFAULT '1',
  PRIMARY KEY (`QuestionLevelId`)
) ENGINE=InnoDB DEFAULT CHARSET=latin1;
/*!40101 SET character_set_client = @saved_cs_client */;

--
-- Dumping data for table `questionlevel`
--

LOCK TABLES `questionlevel` WRITE;
/*!40000 ALTER TABLE `questionlevel` DISABLE KEYS */;
INSERT INTO `questionlevel` VALUES (1,'Medium',1),(2,'Hard',3),(3,'Easy',1);
/*!40000 ALTER TABLE `questionlevel` ENABLE KEYS */;
UNLOCK TABLES;

--
-- Table structure for table `refclassroommemberstatus`
--

DROP TABLE IF EXISTS `refclassroommemberstatus`;
/*!40101 SET @saved_cs_client     = @@character_set_client */;
/*!40101 SET character_set_client = utf8 */;
CREATE TABLE `refclassroommemberstatus` (
  `RefClassroomMemberStatusId` int(10) unsigned NOT NULL AUTO_INCREMENT,
  `ClassroommemberStatusName` varchar(20) NOT NULL,
  `Description` varchar(50) DEFAULT NULL,
  PRIMARY KEY (`RefClassroomMemberStatusId`)
) ENGINE=InnoDB DEFAULT CHARSET=latin1;
/*!40101 SET character_set_client = @saved_cs_client */;

--
-- Dumping data for table `refclassroommemberstatus`
--

LOCK TABLES `refclassroommemberstatus` WRITE;
/*!40000 ALTER TABLE `refclassroommemberstatus` DISABLE KEYS */;
/*!40000 ALTER TABLE `refclassroommemberstatus` ENABLE KEYS */;
UNLOCK TABLES;

--
-- Table structure for table `tag`
--

DROP TABLE IF EXISTS `tag`;
/*!40101 SET @saved_cs_client     = @@character_set_client */;
/*!40101 SET character_set_client = utf8 */;
CREATE TABLE `tag` (
  `TagId` int(10) unsigned NOT NULL AUTO_INCREMENT,
  `TagName` varchar(20) NOT NULL,
  `TagDescription` varchar(255) NOT NULL,
  PRIMARY KEY (`TagId`)
) ENGINE=InnoDB AUTO_INCREMENT=11 DEFAULT CHARSET=latin1;
/*!40101 SET character_set_client = @saved_cs_client */;

--
-- Dumping data for table `tag`
--

LOCK TABLES `tag` WRITE;
/*!40000 ALTER TABLE `tag` DISABLE KEYS */;
INSERT INTO `tag` VALUES (1,'python','This is an OO programming language'),(2,'java','This is an OO programming language'),(3,'javascript','This is an OO programming language'),(4,'math','This is an OO programming language'),(5,'materials','This is an OO programming language'),(6,'chemistry','This is an OO programming language'),(7,'calculus','This is an OO programming language'),(8,'python','This is an OO programming language'),(9,'python','This is an OO programming language'),(10,'python','This is an OO programming language');
/*!40000 ALTER TABLE `tag` ENABLE KEYS */;
UNLOCK TABLES;

--
-- Table structure for table `refsubject`
--

DROP TABLE IF EXISTS `refsubject`;
/*!40101 SET @saved_cs_client     = @@character_set_client */;
/*!40101 SET character_set_client = utf8 */;
CREATE TABLE `refsubject` (
  `RefSubjectId` int(10) unsigned NOT NULL,
  `SubjectName` varchar(20) NOT NULL,
  `SubjectDescription` varchar(20) NOT NULL,
  PRIMARY KEY (`RefSubjectId`)
) ENGINE=InnoDB DEFAULT CHARSET=latin1;
/*!40101 SET character_set_client = @saved_cs_client */;

--
-- Dumping data for table `refsubject`
--

LOCK TABLES `refsubject` WRITE;
/*!40000 ALTER TABLE `refsubject` DISABLE KEYS */;
INSERT INTO `refsubject` VALUES (1,'mathematics','mathematics');
/*!40000 ALTER TABLE `refsubject` ENABLE KEYS */;
UNLOCK TABLES;

--
-- Table structure for table `questionratingsummary`
--

DROP TABLE IF EXISTS `questionratingsummary`;
/*!40101 SET @saved_cs_client     = @@character_set_client */;
/*!40101 SET character_set_client = utf8 */;
CREATE TABLE `questionratingsummary` (
  `QuestionRatingSummaryId` int(10) unsigned NOT NULL,
  `NoOfEasyRatings` int(11) DEFAULT NULL,
  `NoOfMediumRatings` int(11) DEFAULT NULL,
  `NoOfHardRatings` int(11) DEFAULT NULL,
  `QuestionId` int(10) unsigned NOT NULL,
  PRIMARY KEY (`QuestionRatingSummaryId`),
  KEY `Question_fk_idx` (`QuestionId`),
  CONSTRAINT `Question_fk` FOREIGN KEY (`QuestionId`) REFERENCES `question` (`questionId`) ON DELETE NO ACTION ON UPDATE NO ACTION
) ENGINE=InnoDB DEFAULT CHARSET=latin1;
/*!40101 SET character_set_client = @saved_cs_client */;

--
-- Dumping data for table `questionratingsummary`
--

LOCK TABLES `questionratingsummary` WRITE;
/*!40000 ALTER TABLE `questionratingsummary` DISABLE KEYS */;
/*!40000 ALTER TABLE `questionratingsummary` ENABLE KEYS */;
UNLOCK TABLES;

--
-- Table structure for table `userreputation`
--

DROP TABLE IF EXISTS `userreputation`;
/*!40101 SET @saved_cs_client     = @@character_set_client */;
/*!40101 SET character_set_client = utf8 */;
CREATE TABLE `userreputation` (
  `UserReputationId` int(10) unsigned NOT NULL,
  `ReputationName` varchar(20) NOT NULL,
  PRIMARY KEY (`UserReputationId`)
) ENGINE=InnoDB DEFAULT CHARSET=latin1;
/*!40101 SET character_set_client = @saved_cs_client */;

--
-- Dumping data for table `userreputation`
--

LOCK TABLES `userreputation` WRITE;
/*!40000 ALTER TABLE `userreputation` DISABLE KEYS */;
/*!40000 ALTER TABLE `userreputation` ENABLE KEYS */;
UNLOCK TABLES;

--
-- Table structure for table `questionrating`
--

DROP TABLE IF EXISTS `questionrating`;
/*!40101 SET @saved_cs_client     = @@character_set_client */;
/*!40101 SET character_set_client = utf8 */;
CREATE TABLE `questionrating` (
  `QuestionRatingId` int(10) NOT NULL,
  `QuestionLevelId` int(10) unsigned NOT NULL,
  `RatedByUserId` int(10) unsigned NOT NULL,
  PRIMARY KEY (`QuestionRatingId`),
  KEY `QuestionLevel_fk_idx` (`QuestionLevelId`),
  KEY `Appuser+fk_idx` (`RatedByUserId`),
  CONSTRAINT `Appuser+fk` FOREIGN KEY (`RatedByUserId`) REFERENCES `appuser` (`AppUserId`) ON DELETE NO ACTION ON UPDATE NO ACTION,
  CONSTRAINT `QuestionLevel_fk` FOREIGN KEY (`QuestionLevelId`) REFERENCES `questionlevel` (`QuestionLevelId`) ON DELETE NO ACTION ON UPDATE NO ACTION
) ENGINE=InnoDB DEFAULT CHARSET=latin1;
/*!40101 SET character_set_client = @saved_cs_client */;

--
-- Dumping data for table `questionrating`
--

LOCK TABLES `questionrating` WRITE;
/*!40000 ALTER TABLE `questionrating` DISABLE KEYS */;
/*!40000 ALTER TABLE `questionrating` ENABLE KEYS */;
UNLOCK TABLES;
/*!40103 SET TIME_ZONE=@OLD_TIME_ZONE */;

/*!40101 SET SQL_MODE=@OLD_SQL_MODE */;
/*!40014 SET FOREIGN_KEY_CHECKS=@OLD_FOREIGN_KEY_CHECKS */;
/*!40014 SET UNIQUE_CHECKS=@OLD_UNIQUE_CHECKS */;
/*!40101 SET CHARACTER_SET_CLIENT=@OLD_CHARACTER_SET_CLIENT */;
/*!40101 SET CHARACTER_SET_RESULTS=@OLD_CHARACTER_SET_RESULTS */;
/*!40101 SET COLLATION_CONNECTION=@OLD_COLLATION_CONNECTION */;
/*!40111 SET SQL_NOTES=@OLD_SQL_NOTES */;

-- Dump completed on 2015-08-25 21:56:01
